mpn,manufacturer,price_jpy,stock,vout1,vout2,vin_min,vin_max,iout_min_a,iout_raw,watt,isolation,efficiency,features,package,datasheet,url
URA2415YMD-10WR3,"Mornsun America, LLC",1227.21053,254,15V,-15V,9.0,36.0,0.333,333mA、333mA,10 W,1.5 kV,87%,-,-,https://www.mornsun-power.com/html/pdf/URA2415YMD-10WR3.html,https://www.digikey.com/ja/products/detail/mornsun-america-llc/URA2415YMD-10WR3/13168177
AM10GH-2415DLPZ,aimtec,1394.0,345,-15V,15V,9.0,36.0,0.333,333mA、333mA,10 W,1.5 kV,86%,OVP、SCP,8-SIP,https://aimtec.com/site/Aimtec/files/Datasheet/HighResolution/AM10GH-LPZ.pdf,https://www.digikey.com/ja/products/detail/dcomponents/AM10GH-2415DLPZ/27523818
WRFD12D15-20WH2,HenLv Power,1540.0,20000,15V,-15V,9.0,18.0,0.667,667mA,20 W,1500 V,84%,-,,https://oss.henlv.net/uploads/20250908/7b3b4d0d002012357fa208876b299251.pdf,https://www.digikey.com/ja/products/detail/henlv-power/WRFD12D15-20WH2/26851596
WRFD12D12-20WH2,HenLv Power,1540.0,20000,12V,-12V,9.0,18.0,0.834,834mA,20 W,1500 V,83%,-,,https://oss.henlv.net/uploads/20250908/7b3b4d0d002012357fa208876b299251.pdf,https://www.digikey.com/ja/products/detail/henlv-power/WRFD12D12-20WH2/26852263
AM10TW-2415DLPZ,aimtec,1581.0,240,-15V,15V,9.0,36.0,0.33,330mA、330mA,10 W,1.5 kV,87%,リモートオン/オフ、OCP、OTP、SCP、UVLO,24-DIP,https://aimtec.com/site/Aimtec/files/Datasheet/HighResolution/AM10TW-LPZ.pdf,https://www.digikey.com/ja/products/detail/dcomponents/AM10TW-2415DLPZ/27523559
AM10TW-2412DLPZ,aimtec,1581.0,240,-12V,12V,9.0,36.0,0.416,416mA、416mA,10 W,1.5 kV,87%,リモートオン/オフ、OCP、OTP、SCP、UVLO,24-DIP,https://aimtec.com/site/Aimtec/files/Datasheet/HighResolution/AM10TW-LPZ.pdf,https://www.digikey.com/ja/products/detail/dcomponents/AM10TW-2412DLPZ/27524065
NSD10-12D12,MEAN WELL USA Inc.,1644.0,86,12V,-12V,9.8,36.0,0.42,420mA、420mA,10 W,1 kV,77%,リモートオン/オフ、OCP、OVP、SCP,-,https://www.meanwellusa.com/upload/pdf/NSD10-D/NSD10-D-spec.pdf,https://www.digikey.com/ja/products/detail/mean-well-usa-inc/NSD10-12D12/7705426
NSD10-12D15,MEAN WELL USA Inc.,1644.0,1,15V,-15V,9.8,36.0,0.33,330mA、330mA,10 W,1 kV,77%,リモートオン/オフ、OCP、OVP、SCP,-,https://www.meanwellusa.com/upload/pdf/NSD10-D/NSD10-D-spec.pdf,https://www.digikey.com/ja/products/detail/mean-well-usa-inc/NSD10-12D15/7705427
URFD24D12-20WH2,HenLv Power,1725.0,20000,12V,-12V,9.0,36.0,0.834,834mA,20 W,1500 V,83%,-,,https://oss.henlv.net/uploads/20250908/3655b96f0a5107038e4e3b7ba29098f0.pdf,https://www.digikey.com/ja/products/detail/henlv-power/URFD24D12-20WH2/26851838
URFD24D15-20WH2,HenLv Power,1725.0,20000,15V,-15V,9.0,36.0,0.667,667mA,20 W,1500 V,82%,-,,https://oss.henlv.net/uploads/20250908/3655b96f0a5107038e4e3b7ba29098f0.pdf,https://www.digikey.com/ja/products/detail/henlv-power/URFD24D15-20WH2/26852058
WRD12D15-20WJ,HenLv Power,1754.0,20000,15V,-15V,9.0,18.0,0.667,667mA,20 W,1500 V,83%,-,,https://oss.henlv.net/uploads/20250911/f97833de3af5088a9b3e69ecb46b1a67.pdf,https://www.digikey.com/ja/products/detail/henlv-power/WRD12D15-20WJ/26852055
WRD12D12-20WJ,HenLv Power,1754.0,20000,12V,-12V,9.0,18.0,0.834,834mA,20 W,1500 V,83%,-,,https://oss.henlv.net/uploads/20250911/f97833de3af5088a9b3e69ecb46b1a67.pdf,https://www.digikey.com/ja/products/detail/henlv-power/WRD12D12-20WJ/26852119
WRD12D15-20WH2,HenLv Power,1754.0,20000,15V,-15V,9.0,18.0,0.667,667mA,20 W,1500 V,84%,-,,https://oss.henlv.net/uploads/20250908/b0da8a02aa29e9b2902862a24d89198d.pdf,https://www.digikey.com/ja/products/detail/henlv-power/WRD12D15-20WH2/26852462
AM15CW-2412DLPZ,aimtec,1890.0,380,-12V,12V,9.0,36.0,0.625,625mA、625mA,15 W,1.5 kV,90%,OCP、OVP、SCP,6-DIP,https://aimtec.com/site/Aimtec/files/Datasheet/HighResolution/AM15CW-LPZ.pdf,https://www.digikey.com/ja/products/detail/dcomponents/AM15CW-2412DLPZ/27523765
AM15CW-2415DLPZ,aimtec,1890.0,380,-15V,15V,9.0,36.0,0.5,500mA、500mA,15 W,1.5 kV,90%,OCP、OVP、SCP,6-DIP,https://aimtec.com/site/Aimtec/files/Datasheet/HighResolution/AM15CW-LPZ.pdf,https://www.digikey.com/ja/products/detail/dcomponents/AM15CW-2415DLPZ/27524272
UD24D15E2-20,HenLv Power,1939.0,20000,15V,-15V,9.0,36.0,0.667,667mA,20 W,1500 V,83%,-,,https://oss.henlv.net/uploads/20250909/ab8a32feb81a234e5abfc15e7ef6d3b1.pdf,https://www.digikey.com/ja/products/detail/henlv-power/UD24D15E2-20/26851635
UD24D12E2-20,HenLv Power,1939.0,20000,12V,-12V,9.0,36.0,0.834,834mA,20 W,1500 V,83%,-,,https://oss.henlv.net/uploads/20250909/ab8a32feb81a234e5abfc15e7ef6d3b1.pdf,https://www.digikey.com/ja/products/detail/henlv-power/UD24D12E2-20/26851810
URD24D15-20WH2,HenLv Power,1939.0,20000,15V,-15V,9.0,36.0,0.667,667mA,20 W,1500 V,83%,-,,https://oss.henlv.net/uploads/20250908/39c27fbb79c8bde8bfb8beac5f4850b4.pdf,https://www.digikey.com/ja/products/detail/henlv-power/URD24D15-20WH2/26852052
URA2415ZP-10WR3,"Mornsun America, LLC",2029.06667,7,15V,-15V,9.0,36.0,0.333,333mA、333mA,10 W,1.5 kV,87%,-,-,https://www.mornsun-power.com/html/pdf/URA2415ZP-10WR3.html,https://www.digikey.com/ja/products/detail/mornsun-america-llc/URA2415ZP-10WR3/16348188
URA2412ZP-10WR3,"Mornsun America, LLC",2030.0,7,12V,-12V,9.0,36.0,0.416,416mA、416mA,9.9 W,1.5 kV,87%,-,-,https://www.mornsun-power.com/html/pdf/URA2412ZP-10WR3.html,https://www.digikey.com/ja/products/detail/mornsun-america-llc/URA2412ZP-10WR3/16348340
URA2415YMD-15WR3,"Mornsun America, LLC",2070.10526,816,15V,-15V,9.0,36.0,0.5,500mA、500mA,15 W,1.5 kV,90%,-,-,https://www.mornsun-power.com/html/pdf/URA2415YMD-15WR3.html,https://www.digikey.com/ja/products/detail/mornsun-america-llc/URA2415YMD-15WR3/13168079
NSD15-12D15,MEAN WELL USA Inc.,2100.0,3,15V,-15V,9.4,36.0,0.5,500mA、500mA,15 W,1.5 kV,80%,リモートオン/オフ、OCP、OVP、SCP,-,https://www.meanwellusa.com/upload/pdf/NSD15-D/NSD15-D-spec.pdf,https://www.digikey.com/ja/products/detail/mean-well-usa-inc/NSD15-12D15/7705443
URA2412YMD-20WR3,"Mornsun America, LLC",2180.21053,38,12V,-12V,9.0,36.0,0.833,833mA、833mA,20 W,1.5 kV,90%,-,-,https://www.mornsun-power.com/html/pdf/URA2412YMD-20WR3.html,https://www.digikey.com/ja/products/detail/mornsun-america-llc/URA2412YMD-20WR3/13168235
URA2415YMD-20WR3,"Mornsun America, LLC",2180.21053,18,15V,-15V,9.0,36.0,0.667,667mA、667mA,20 W,1.5 kV,90%,-,-,https://www.mornsun-power.com/html/pdf/URA2415YMD-20WR3.html,https://www.digikey.com/ja/products/detail/mornsun-america-llc/URA2415YMD-20WR3/13168237
DPB09A-12,MEAN WELL USA Inc.,2226.0,45,12V,-12V,9.0,18.0,0.375,375mA、375mA,9 W,,0.88,リモートオン/オフ,-,"https://www.meanwellusa.com/upload/pdf/SPB09/SPB09,DPB09-spec.pdf",https://www.digikey.com/ja/products/detail/mean-well-usa-inc/DPB09A-12/11482126
DPB09A-15,MEAN WELL USA Inc.,2226.0,4,15V,-15V,9.0,18.0,0.3,300mA、300mA,9 W,,0.88,リモートオン/オフ,-,"https://www.meanwellusa.com/upload/pdf/SPB09/SPB09,DPB09-spec.pdf",https://www.digikey.com/ja/products/detail/mean-well-usa-inc/DPB09A-15/11482211
15DMWE4_2415D1.5,GAPTEC Electronic,2239.0,11,15V,-15V,9.0,36.0,0.5,500mA、500mA,15 W,1.5 kV,90%,-,-,https://gaptec-electronic.com/datenblaetter/15DMWE4_D1.5.pdf,https://www.digikey.com/ja/products/detail/gaptec-electronic/15DMWE4-2415D1-5/13692024
URE2415LP-10WR3,"Mornsun America, LLC",2306.0,20,15V,-15V,9.0,36.0,0.333,333mA、333mA,10 W,3 kV,87%,-,-,https://www.mornsun-power.com/html/pdf/URE2415LP-10WR3.html,https://www.digikey.com/ja/products/detail/mornsun-america-llc/URE2415LP-10WR3/16719404
DCW08A-12,MEAN WELL USA Inc.,2371.0,2,12V,-12V,9.0,18.0,0.335,335mA、335mA,8 W,1 kV,80%,OCP、SCP,-,https://www.meanwellusa.com/upload/pdf/DCW08/DCW08-spec.pdf,https://www.digikey.com/ja/products/detail/mean-well-usa-inc/DCW08A-12/7702713
REC10K-2415DAW/H2,Recom Power,2404.0,177,15V,-15V,9.0,36.0,0.333,333mA、333mA,10 W,3 kV,87%,調節可能出力,-,https://recom-power.com/pdf/Econoline/REC10K-AW.pdf,https://www.digikey.com/ja/products/detail/recom-power/REC10K-2415DAW-H2/24366425
REC10K-2412DAW/H2,Recom Power,2404.0,112,12V,-12V,9.0,36.0,0.417,417mA、417mA,10 W,3 kV,85%,調節可能出力,-,https://recom-power.com/pdf/Econoline/REC10K-AW.pdf,https://www.digikey.com/ja/products/detail/recom-power/REC10K-2412DAW-H2/24366444
URA2412LD-20WR3,"Mornsun America, LLC",2464.0,64,12V,-12V,9.0,36.0,0.834,834mA、834mA,20 W,1.5 kV,0.88,調節可能出力,-,https://www.mornsun-power.com/html/pdf/URA2412LD-20WR3.html,https://www.digikey.com/ja/products/detail/mornsun-america-llc/URA2412LD-20WR3/16784460
RDDW08F-12,MEAN WELL USA Inc.,2495.0,2,12V,-12V,9.0,36.0,0.333,333mA、333mA,8 W,1.5 kV,85%,リモートオン/オフ,24-DIP,"https://www.meanwellusa.com/upload/pdf/RDDW08/RSDW08,RDDW08-spec.pdf",https://www.digikey.com/ja/products/detail/mean-well-usa-inc/RDDW08F-12/11482308
URA2412LD-20WHR3,"Mornsun America, LLC",2629.0,16,12V,-12V,9.0,36.0,0.834,834mA、834mA,20 W,1.5 kV,0.88,調整可能出力、ヒートシンク、リモートオン/オフ,-,https://www.mornsun-power.com/html/pdf/URA2412LD-20WR3.html,https://www.digikey.com/ja/products/detail/mornsun-america-llc/URA2412LD-20WHR3/16734959
URA2415LD-20WHR3,"Mornsun America, LLC",2629.0,12,15V,-15V,9.0,36.0,0.667,667mA、667mA,20 W,1.5 kV,0.88,調整可能出力、ヒートシンク、リモートオン/オフ,-,https://www.mornsun-power.com/html/pdf/URA2415LD-20WR3.html,https://www.digikey.com/ja/products/detail/mornsun-america-llc/URA2415LD-20WHR3/16734992
DCW12A-15,MEAN WELL USA Inc.,2725.0,72,15V,-15V,9.0,18.0,0.4,400mA、400mA,12 W,1.5 kV,83%,リモートオン/オフ、OCP、SCP,-,https://www.meanwellusa.com/upload/pdf/DCW12/DCW12-spec.pdf,https://www.digikey.com/ja/products/detail/mean-well-usa-inc/DCW12A-15/7702723
DCW12A-12,MEAN WELL USA Inc.,2725.0,1,12V,-12V,9.0,18.0,0.5,500mA、500mA,12 W,1.5 kV,84%,リモートオン/オフ、OCP、SCP,-,https://www.meanwellusa.com/upload/pdf/DCW12/DCW12-spec.pdf,https://www.digikey.com/ja/products/detail/mean-well-usa-inc/DCW12A-12/7702722
DPB09W8-12,MEAN WELL USA Inc.,2840.0,2,12V,-12V,9.0,75.0,0.375,375mA、375mA,9 W,1.5 kV,87%,リモートオン/オフ,-,http://www.meanwellindia.com/webapp/product/search.aspx?prod=DPB09W8,https://www.digikey.com/ja/products/detail/mean-well-usa-inc/DPB09W8-12/26771884
DKE10A-12,MEAN WELL USA Inc.,2891.0,3,12V,-12V,9.0,18.0,0.42,420mA、420mA,10 W,1 kV,80%,OCP、SCP,-,https://www.meanwellusa.com/upload/pdf/DKE10/DKE10-spec.pdf,https://www.digikey.com/ja/products/detail/mean-well-usa-inc/DKE10A-12/7702768
DPB09W8-15,MEAN WELL USA Inc.,2936.0,6,15V,-15V,9.0,75.0,0.3,300mA、300mA,9 W,1.5 kV,86%,リモートオン/オフ,-,http://www.meanwellindia.com/webapp/product/search.aspx?prod=DPB09W8,https://www.digikey.com/ja/products/detail/mean-well-usa-inc/DPB09W8-15/26771878
SHHN000A3CL41Z,OmniOn Power™,2945.0,732,15V,-15V,9.0,36.0,0.3,300mA、300mA,9 W,1.6 kV,84%,リモートオン/オフ、OCP、OTP、OVP、UVLO,,https://documents.convertdcpower.com/pdf/SHHN000A3CL/Data%20Sheets/0000056467,https://www.digikey.com/ja/products/detail/omnion-power/SHHN000A3CL41Z/4941291
DCW08W8-12,MEAN WELL USA Inc.,2993.0,2,12V,-12V,9.0,75.0,0.333,333mA、333mA,8 W,3 kV,86%,-,-,//mm.digikey.com/Volume0/opasdata/d220001/medias/docus/7343/SCW08W8%2CDCW08W8-spec.pdf,https://www.digikey.com/ja/products/detail/mean-well-usa-inc/DCW08W8-12/27527210
DKE15A-15,MEAN WELL USA Inc.,3014.0,116,15V,-15V,9.0,18.0,0.5,500mA、500mA,15 W,1 kV,82%,OCP、SCP,-,https://www.meanwellusa.com/upload/pdf/DKE15/DKE15-spec.pdf,https://www.digikey.com/ja/products/detail/mean-well-usa-inc/DKE15A-15/7702781
DKE15A-12,MEAN WELL USA Inc.,3014.0,2,12V,-12V,9.0,18.0,0.625,625mA、625mA,15 W,1 kV,82%,OCP、SCP,-,https://www.meanwellusa.com/upload/pdf/DKE15/DKE15-spec.pdf,https://www.digikey.com/ja/products/detail/mean-well-usa-inc/DKE15A-12/7702780
AM10GH-2415DEZ,aimtec,3056.0,88,15V,-15V,9.0,36.0,0.3,300mA、300mA,10 W,1.6 kV,0.88,リモートオン/オフ,-,https://aimtec.com/site/Aimtec/files/Datasheet/HighResolution/AM10GH-EZ.pdf,https://www.digikey.com/ja/products/detail/dcomponents/AM10GH-2415DEZ/24710402
AM10GH-2412DEZ,aimtec,3056.0,4,12V,-12V,9.0,36.0,0.375,375mA、375mA,10 W,1.6 kV,0.88,リモートオン/オフ,-,https://aimtec.com/site/Aimtec/files/Datasheet/HighResolution/AM10GH-EZ.pdf,https://www.digikey.com/ja/products/detail/dcomponents/AM10GH-2412DEZ/24710407
DKA15A-15,MEAN WELL USA Inc.,3119.0,144,15V,-15V,9.0,18.0,0.5,500mA、500mA,15 W,1 kV,83%,OCP、SCP,-,https://www.meanwellusa.com/upload/pdf/DKA15/DKA15-spec.pdf,https://www.digikey.com/ja/products/detail/mean-well-usa-inc/DKA15A-15/7702751
REC10K-2415DRW/H4,Recom Power,3420.0,13,15V,-15V,9.0,36.0,0.33,330mA、330mA,10 W,4 kV,86%,調節可能出力、リモートオン/オフ,-,https://recom-power.com/pdf/Econoline/REC10K-RW.pdf,https://www.digikey.com/ja/products/detail/recom-power/REC10K-2415DRW-H4/27516395
PYBE10-Q24-D12,Bel Power Solutions,3420.0,4,12V,-12V,9.0,36.0,0.416,416mA、416mA,10 W,1.5 kV,87%,リモートオン/オフ、OCP、OVP、SCP,-,https://belfuse.com/media/datasheets/products/power-supplies/PYBE10.pdf,https://www.digikey.com/ja/products/detail/bel-power-solutions/PYBE10-Q24-D12/9859913
DKE10W8-12,MEAN WELL USA Inc.,3452.0,1,12V,-12V,9.0,75.0,0.417,417mA、417mA,10 W,3 kV,87%,-,-,"https://www.meanwell.com/upload/pdf/DKE10W8/SKE10W8,DKE10W8-spec.pdf",https://www.digikey.com/ja/products/detail/mean-well-usa-inc/DKE10W8-12/29337017
DKE10W8-15,MEAN WELL USA Inc.,3452.0,1,15V,-15V,9.0,75.0,0.333,333mA、333mA,10 W,3 kV,86%,-,-,,https://www.digikey.com/ja/products/detail/mean-well-usa-inc/DKE10W8-15/29337025
DCW12W8-12,MEAN WELL USA Inc.,3565.0,3,12V,-12V,9.0,75.0,0.5,500mA、500mA,12 W,3 kV,87%,リモートオン/オフ,-,//mm.digikey.com/Volume0/opasdata/d220001/medias/docus/7343/SCW12W8%2CDCW12W8-spec.pdf,https://www.digikey.com/ja/products/detail/mean-well-usa-inc/DCW12W8-12/27527213
DCW12W8-15,MEAN WELL USA Inc.,3577.0,5,15V,-15V,9.0,75.0,0.4,400mA、400mA,12 W,3 kV,86%,リモートオン/オフ,-,//mm.digikey.com/Volume0/opasdata/d220001/medias/docus/7343/SCW12W8%2CDCW12W8-spec.pdf,https://www.digikey.com/ja/products/detail/mean-well-usa-inc/DCW12W8-15/27527223
REC20K-2415DZ,Recom Power,3620.0,162,15V,-15V,9.0,36.0,0.667,667mA,20 W,2 kV,0.88,調節可能出力,-,https://recom-power.com/pdf/Econoline/REC20K-Z.pdf,https://www.digikey.com/ja/products/detail/recom-power/REC20K-2415DZ/24366412
REC20K-2412DZ,Recom Power,3620.0,45,12V,-12V,9.0,36.0,0.833,833mA,20 W,2 kV,0.88,調節可能出力,-,https://recom-power.com/pdf/Econoline/REC20K-Z.pdf,https://www.digikey.com/ja/products/detail/recom-power/REC20K-2412DZ/24366460
JCH1012D15,XP Power,3678.0,23,15V,-15V,9.0,18.0,0.333,333mA、333mA,10 W,1.5 kV,85%,OCP、SCP,,https://www.xppower.com/portals/0/pdfs/SF_JCH10.pdf,https://www.digikey.com/ja/products/detail/xp-power/JCH1012D15/4476778
DKA15W8-12,MEAN WELL USA Inc.,3680.0,1,12V,-12V,9.0,75.0,0.625,625mA、625mA,15 W,3 kV,86%,-,-,"https://www.meanwell.com/upload/pdf/DKA15W8/SKA15W8,DKA15W8-spec.pdf",https://www.digikey.com/ja/products/detail/mean-well-usa-inc/DKA15W8-12/29337020
DKA15W8-15,MEAN WELL USA Inc.,3680.0,1,15V,-15V,9.0,75.0,0.5,500mA、500mA,15 W,3 kV,86%,-,-,"https://www.meanwell.com/upload/pdf/DKA15W8/SKA15W8,DKA15W8-spec.pdf",https://www.digikey.com/ja/products/detail/mean-well-usa-inc/DKA15W8-15/29337062
DKMW15F-15,MEAN WELL USA Inc.,3743.0,8,15V,-15V,9.0,36.0,0.5,500mA、500mA,15 W,3 kV,0.89,-,-,"https://www.meanwell-web.com/content/files/pdfs/productPdfs/MW/SKMW15/SKMW15,DKMW15-spec.pdf",https://www.digikey.com/ja/products/detail/mean-well-usa-inc/DKMW15F-15/13148809
DKMW15F-12,MEAN WELL USA Inc.,3743.0,1,12V,-12V,9.0,36.0,0.625,625mA、625mA,15 W,3 kV,0.88,-,-,"https://www.meanwell-web.com/content/files/pdfs/productPdfs/MW/SKMW15/SKMW15,DKMW15-spec.pdf",https://www.digikey.com/ja/products/detail/mean-well-usa-inc/DKMW15F-12/13148808
AM10CW-2412DEZ,aimtec,3806.0,2,12V,-12V,9.0,36.0,0.415,415mA、415mA,10 W,1.5 kV,86%,リモートオン/オフ、SCP,6-DIPモジュール,https://aimtec.com/site/Aimtec/files/Datasheet/HighResolution/AM10CW-EZ.pdf,https://www.digikey.com/ja/products/detail/dcomponents/AM10CW-2412DEZ/27523666
JCJ0812D12,XP Power,3967.0,46,12V,-12V,9.0,18.0,0.335,335mA、335mA,8 W,1.5 kV,84%,OCP、OVP、SCP,,https://www.xppower.com/portals/0/pdfs/SF_JCJ.pdf,https://www.digikey.com/ja/products/detail/xp-power/JCJ0812D12/4476791
DKM10W8-12,MEAN WELL USA Inc.,3994.0,1,12V,-12V,9.0,75.0,0.417,417mA、417mA,10 W,3 kV,85%,調節可能出力、リモートオン/オフ,-,"https://www.meanwell.com/upload/pdf/SKM10/SKM10,DKM10-spec.pdf",https://www.digikey.com/ja/products/detail/mean-well-usa-inc/DKM10W8-12/29337031
DKM10W8-15,MEAN WELL USA Inc.,3994.0,1,15V,-15V,9.0,75.0,0.33,330mA、330mA,10 W,3 kV,85%,調節可能出力、リモートオン/オフ,-,"https://www.meanwell.com/upload/pdf/SKM10/SKM10,DKM10-spec.pdf",https://www.digikey.com/ja/products/detail/mean-well-usa-inc/DKM10W8-15/29337043
TMR 8-2422WI,Traco Power,4086.0,18,12V,-12V,9.0,36.0,0.335,335mA、335mA,8 W,1.8 kV,0.88,リモートオン/オフ,-,https://www.tracopower.com/tmr8wi-datasheet,https://www.digikey.com/ja/products/detail/traco-power/TMR-8-2422WI/29185091
MI1524D-12BRU,MicroPower Direct,4086.0,10,12V,-12V,9.0,36.0,0.625,625mA、625mA,15 W,1.5 kV,90%,-,-,https://micropowerdirect.com/wp-content/uploads/2024/10/MI1500BRU.pdf,https://www.digikey.com/ja/products/detail/micropower-direct/MI1524D-12BRU/26227446
ICZ0912D12,XP Power,4125.0,10,12V,-12V,9.0,18.0,0.375,375mA、375mA,9 W,1.6 kV,0.88,リモートオン/オフ、OCP、SCP、UVLO,12-SIP,https://www.xppower.com/portals/0/pdfs/SF_ICZ09.pdf,https://www.digikey.com/ja/products/detail/xp-power/ICZ0912D12/7428660
EC2SBW-24D15H,Cincon Electronics Co. LTD,4229.0,6,15V,-15V,9.0,36.0,0.333,333mA、333mA,10 W,3 kV,0.89,調節可能出力、リモートオン/オフ,-,https://www.cincon.com/productdownload/Datasheet-EC2SBW-series.pdf,https://www.digikey.com/ja/products/detail/cincon-electronics-co-ltd/EC2SBW-24D15H/22218121
EC2SBW-24D12H,Cincon Electronics Co. LTD,4229.0,1,12V,-12V,9.0,36.0,0.417,417mA、417mA,10 W,3 kV,0.89,調節可能出力、リモートオン/オフ,-,https://www.cincon.com/productdownload/Datasheet-EC2SBW-series.pdf,https://www.digikey.com/ja/products/detail/cincon-electronics-co-ltd/EC2SBW-24D12H/22218099
EC2SBW-24D15HN,Cincon Electronics Co. LTD,4229.0,5,15V,-15V,9.0,36.0,0.333,333mA、333mA,10 W,3 kV,0.89,調節可能出力、リモートオン/オフ,-,https://www.cincon.com/productdownload/Datasheet-EC2SBW-series.pdf,https://www.digikey.com/ja/products/detail/cincon-electronics-co-ltd/EC2SBW-24D15HN/22218109
EC2SBW-24D12HN,Cincon Electronics Co. LTD,4229.0,5,12V,-12V,9.0,36.0,0.417,417mA、417mA,10 W,3 kV,0.89,調節可能出力、リモートオン/オフ,-,https://www.cincon.com/productdownload/Datasheet-EC2SBW-series.pdf,https://www.digikey.com/ja/products/detail/cincon-electronics-co-ltd/EC2SBW-24D12HN/22218122
DCW20W8-12,MEAN WELL USA Inc.,4307.0,2,12V,-12V,9.0,75.0,0.833,833mA、833mA,20 W,3 kV,87%,リモートオン/オフ,-,//mm.digikey.com/Volume0/opasdata/d220001/medias/docus/7343/SCW20W8%2CDCW20W8-spec.pdf,https://www.digikey.com/ja/products/detail/mean-well-usa-inc/DCW20W8-12/27527192
DKMW15W8-12,MEAN WELL USA Inc.,4364.0,1,12V,-12V,9.0,75.0,0.625,625mA、625mA,15 W,3 kV,87%,調節可能出力、リモートオン/オフ,-,"https://www.meanwell.com/upload/pdf/SKMW15/SKMW15,DKMW15-spec.pdf",https://www.digikey.com/ja/products/detail/mean-well-usa-inc/DKMW15W8-12/29337007
DKMW15W8-15,MEAN WELL USA Inc.,4364.0,1,15V,-15V,9.0,75.0,0.5,500mA、500mA,15 W,3 kV,87%,調節可能出力、リモートオン/オフ,-,"https://www.meanwell.com/upload/pdf/SKMW15/SKMW15,DKMW15-spec.pdf",https://www.digikey.com/ja/products/detail/mean-well-usa-inc/DKMW15W8-15/29337018
EPM25361V-12R-R62D,Eaton - Electronics Division,4379.0,10,12V,-12V,9.0,36.0,0.625,625mA、625mA,15 W,1.6 kV,87%,調節可能出力、リモートオン/オフ,-,https://www.eaton.com/content/dam/eaton/products/electronic-components/resources/data-sheet/eaton-epm25-1v-15-w-isolated-dc-dc-converter-data-sheet-elx1165-en.pdf,https://www.digikey.com/ja/products/detail/eaton-electronics-division/EPM25361V-12R-R62D/16564836
JTR1024D15,XP Power,4443.0,50,15V,-15V,9.0,36.0,0.333,333mA、333mA,10 W,1.5 kV,87%,OCP、SCP,-,https://www.xppower.com/portals/0/pdfs/SF_JTR10.pdf,https://www.digikey.com/ja/products/detail/xp-power/JTR1024D15/10260332
JCJ1012D15,XP Power,4443.0,20,15V,-15V,9.0,18.0,0.333,333mA、333mA,10 W,1.5 kV,0.88,OCP、OVP、SCP,,https://www.xppower.com/portals/0/pdfs/SF_JCJ.pdf,https://www.digikey.com/ja/products/detail/xp-power/JCJ1012D15/4488361
TEL 8-2422WI,Traco Power,4455.0,16,12V,-12V,9.0,36.0,0.335,335mA、335mA,8 W,1.5 kV,85%,SCP,-,https://www.tracopower.com/products/tel8wi.pdf,https://www.digikey.com/ja/products/detail/traco-power/TEL-8-2422WI/9344250
DCW20W8-15,MEAN WELL USA Inc.,4567.0,1,15V,-15V,9.0,75.0,0.666,666mA、666mA,20 W,3 kV,87%,リモートオン/オフ,-,//mm.digikey.com/Volume0/opasdata/d220001/medias/docus/7343/SCW20W8%2CDCW20W8-spec.pdf,https://www.digikey.com/ja/products/detail/mean-well-usa-inc/DCW20W8-15/27527220
JTF0824D12,XP Power,4601.0,45,12V,-12V,9.0,36.0,0.335,335mA、335mA,8 W,1.6 kV,86%,リモートオン/オフ、OCP、OVP、SCP,,https://www.xppower.com/portals/0/pdfs/SF_JTF12.pdf,https://www.digikey.com/ja/products/detail/xp-power/JTF0824D12/4488460
JTD1524D12,XP Power,4601.0,166,12V,-12V,9.0,36.0,0.625,625mA、625mA,15 W,3 kV,85%,リモートオン/オフ、OCP、OVP、SCP,6-DIP,https://www.xppower.com/portals/0/pdfs/SF_JTD15.pdf,https://www.digikey.com/ja/products/detail/xp-power/JTD1524D12/7428677
AM15E-1215DZ,DComponents,4625.0,2,15V,-15V,9.0,18.0,0.5,500mA、500mA,15 W,1.5 kV,84%,-,-,http://www.aimtec.com/site/Aimtec/files/Datasheet/HighResolution/AM15E-Z.pdf,https://www.digikey.com/ja/products/detail/dcomponents/AM15E-1215DZ/12439827
TMR 10-2422WI,Traco Power,4630.0,30,12V,-12V,9.0,36.0,0.416,416mA、416mA,10 W,1.8 kV,0.88,リモートオン/オフ,-,https://www.tracopower.com/tmr10wi-datasheet,https://www.digikey.com/ja/products/detail/traco-power/TMR-10-2422WI/28872692
TMR 10-1222WI,Traco Power,4630.0,20,12V,-12V,4.5,18.0,0.416,416mA、416mA,10 W,1.8 kV,0.88,リモートオン/オフ,-,https://www.tracopower.com/tmr10wi-datasheet,https://www.digikey.com/ja/products/detail/traco-power/TMR-10-1222WI/28872679
TMR 10-2423WI,Traco Power,4630.0,20,15V,-15V,9.0,36.0,0.333,333mA、333mA,10 W,1.8 kV,0.88,リモートオン/オフ,-,https://www.tracopower.com/tmr10wi-datasheet,https://www.digikey.com/ja/products/detail/traco-power/TMR-10-2423WI/28872685
TMR 10-1223WI,Traco Power,4630.0,18,15V,-15V,4.5,18.0,0.333,333mA、333mA,10 W,1.8 kV,0.89,リモートオン/オフ,-,https://www.tracopower.com/tmr10wi-datasheet,https://www.digikey.com/ja/products/detail/traco-power/TMR-10-1223WI/28872662
THD 10-1223N,Traco Power,4833.0,6,15V,-15V,9.0,18.0,0.333,333mA、333mA,10 W,1.5 kV,0.89,リモートオン/オフ、OCP、SCP,-,https://www.tracopower.com/products/thd10n.pdf,https://www.digikey.com/ja/products/detail/traco-power/THD-10-1223N/9344602
TEL 10-1222,Traco Power,4883.0,10,12V,-12V,9.0,18.0,0.416,416mA、416mA,10 W,1.8 kV,86%,OCP、SCP,-,https://www.tracopower.com/products/tel10.pdf,https://www.digikey.com/ja/products/detail/traco-power/TEL-10-1222/10229672
TEL 10-1223,Traco Power,4883.0,5,15V,-15V,9.0,18.0,0.333,333mA、333mA,10 W,1.8 kV,86%,OCP、SCP,-,https://www.tracopower.com/products/tel10.pdf,https://www.digikey.com/ja/products/detail/traco-power/TEL-10-1223/10229673
JTF1224D12,XP Power,4918.0,576,12V,-12V,9.0,36.0,0.5,500mA、500mA,12 W,1.6 kV,90%,リモートオン/オフ、OCP、OVP、SCP,,https://www.xppower.com/portals/0/pdfs/SF_JTF12.pdf,https://www.digikey.com/ja/products/detail/xp-power/JTF1224D12/4488476
JCK1512D12,XP Power,4918.0,28,12V,-12V,9.0,18.0,0.625,625mA、625mA,15 W,1.5 kV,0.88,OCP、SCP、UVLO,,https://www.xppower.com/portals/0/pdfs/SF_JCK15.pdf,https://www.digikey.com/ja/products/detail/xp-power/JCK1512D12/4488368
JCK1512D15,XP Power,4918.0,12,15V,-15V,9.0,18.0,0.5,500mA、500mA,15 W,1.5 kV,0.88,OCP、SCP、UVLO,,https://www.xppower.com/portals/0/pdfs/SF_JCK15.pdf,https://www.digikey.com/ja/products/detail/xp-power/JCK1512D15/4476820
MGW101215,コーセル,5074.0,1,15V,-15V,9.0,18.0,0.34,340mA、340mA,10 W,1 kV,0.88,-,-,https://www.cosel.com/tool/tag.php/pdf/SFE_MG1R5-10.pdf,https://www.digikey.com/ja/products/detail/cosel-usa-inc/MGW101215/7045268
CCG15-24-15D,TDK-Lambda,5082.0,131,15V,-15V,9.0,36.0,0.5,500mA、500mA,15 W,1.5 kV,90%,リモートオン/オフ、OCP,-,https://product.tdk.com/system/files/dam/doc/product/power/switching-power/dc-dc-converter/catalog/ccg_j.pdf,https://www.digikey.com/ja/products/detail/tdk-lambda/CCG15-24-15D/9608486
CCG15-24-12D,TDK-Lambda,5082.0,80,12V,-12V,9.0,36.0,0.65,650mA、650mA,16 W,1.5 kV,0.89,リモートオン/オフ、OCP,-,https://product.tdk.com/system/files/dam/doc/product/power/switching-power/dc-dc-converter/catalog/ccg_j.pdf,https://www.digikey.com/ja/products/detail/tdk-lambda/CCG15-24-12D/9608485
UC10-24D15,Adam Tech,5089.0,9,15V,-15V,9.0,36.0,0.333,333mA、333mA,10 W,1.6 kV,0.88,-,-,https://app.adam-tech.com/products/download/data_sheet/247058/uc10-24d15-data-sheet.pdf,https://www.digikey.com/ja/products/detail/adam-tech/UC10-24D15/22154178
DKMW20F-15,MEAN WELL USA Inc.,5116.0,26,15V,-15V,9.0,36.0,0.66,660mA、660mA,20 W,1.5 kV,87%,リモートオン/オフ、OCP、OVP、SCP、UVLO,-,//mm.digikey.com/Volume0/opasdata/d220001/medias/docus/2341/SKMW20%2CDKMW20_Ds.pdf,https://www.digikey.com/ja/products/detail/mean-well-usa-inc/DKMW20F-15/7702804
DKA20W8-12,MEAN WELL USA Inc.,5159.0,1,12V,-12V,9.0,75.0,0.833,833mA、833mA,20 W,3 kV,0.88,調節可能出力、リモートオン/オフ,-,"https://www.meanwell.com/upload/pdf/DKA20W8/SKA20W8,DKA20W8-spec.pdf",https://www.digikey.com/ja/products/detail/mean-well-usa-inc/DKA20W8-12/29337015
DKA20W8-15,MEAN WELL USA Inc.,5159.0,1,15V,-15V,9.0,75.0,0.666,666mA、666mA,20 W,3 kV,0.88,調節可能出力、リモートオン/オフ,-,"https://www.meanwell.com/upload/pdf/DKA20W8/SKA20W8,DKA20W8-spec.pdf",https://www.digikey.com/ja/products/detail/mean-well-usa-inc/DKA20W8-15/29337041
TEL 10-2423WI,Traco Power,5171.0,23,15V,-15V,9.0,36.0,0.333,333mA、333mA,10 W,1.5 kV,87%,SCP,-,https://www.tracopower.com/products/tel10wi.pdf,https://www.digikey.com/ja/products/detail/traco-power/TEL-10-2423WI/9382550
TEL 10-2422WI,Traco Power,5171.0,40,12V,-12V,9.0,36.0,0.416,416mA、416mA,10 W,1.5 kV,87%,SCP,-,https://www.tracopower.com/products/tel10wi.pdf,https://www.digikey.com/ja/products/detail/traco-power/TEL-10-2422WI/9382549
EC2SB-12D15,Cincon Electronics Co. LTD,5177.0,11,15V,-15V,9.0,18.0,0.333,333mA、333mA,10 W,1.5 kV,87%,リモートオン/オフ、OCP、OVP、SCP、UVLO,-,https://www.cincon.com/productdownload/Datasheet-EC2SB-series.pdf,https://www.digikey.com/ja/products/detail/cincon-electronics-co-ltd/EC2SB-12D15/9683854
EC2SB-12D12,Cincon Electronics Co. LTD,5177.0,6,12V,-12V,9.0,18.0,0.416,416mA、416mA,10 W,1.5 kV,87%,リモートオン/オフ、OCP、OVP、SCP、UVLO,-,https://www.cincon.com/productdownload/Datasheet-EC2SB-series.pdf,https://www.digikey.com/ja/products/detail/cincon-electronics-co-ltd/EC2SB-12D12/9683853
DRQ10-24-D15-S,Bel Power Solutions,5219.0,28,15V,-15V,9.0,36.0,0.333,333mA、333mA,10 W,3 kV,0.89,リモートオン/オフ,-,https://www.belfuse.com/media/datasheets/products/power-supplies/DRQ10-S.pdf,https://www.digikey.com/ja/products/detail/bel-power-solutions/DRQ10-24-D15-S/26236374
DRQ10-24-D12-S,Bel Power Solutions,5219.0,5,12V,-12V,9.0,36.0,0.417,417mA、417mA,10 W,3 kV,0.89,リモートオン/オフ,-,https://www.belfuse.com/media/datasheets/products/power-supplies/DRQ10-S.pdf,https://www.digikey.com/ja/products/detail/bel-power-solutions/DRQ10-24-D12-S/26236370
EC8AW-24D15,Cincon Electronics Co. LTD,5225.0,27,15V,-15V,9.0,36.0,0.5,500mA、500mA,15 W,1.5 kV,90%,リモートオン/オフ、OCP、OVP、SCP、UVLO,-,//mm.digikey.com/Volume0/opasdata/d220001/medias/docus/5854/EC8AW-V13.pdf,https://www.digikey.com/ja/products/detail/cincon-electronics-co-ltd/EC8AW-24D15/9683258
RDDW20F-15,MEAN WELL USA Inc.,5240.0,1,15V,-15V,9.0,36.0,0.666,666mA、666mA,20 W,1.5 kV,0.88,調節可能出力、リモートオン/オフ,-,"https://www.meanwellusa.com/upload/pdf/RDDW20/RSDW20,RDDW20-spec.pdf",https://www.digikey.com/ja/products/detail/mean-well-usa-inc/RDDW20F-15/11481935
EC7AW-24D15,Cincon Electronics Co. LTD,5289.0,67,15V,-15V,9.0,36.0,0.333,333mA、333mA,10 W,3 kV,0.89,調節可能出力、ベースプレート、リモートオン/オフ,-,//mm.digikey.com/Volume0/opasdata/d220001/medias/docus/4199/EC7AW-series.pdf,https://www.digikey.com/ja/products/detail/cincon-electronics-co-ltd/EC7AW-24D15/13913899
EC7AW-24D12,Cincon Electronics Co. LTD,5289.0,12,12V,-12V,9.0,36.0,0.417,417mA、417mA,10 W,3 kV,88.5%,調節可能出力、ベースプレート、リモートオン/オフ,-,//mm.digikey.com/Volume0/opasdata/d220001/medias/docus/4199/EC7AW-series.pdf,https://www.digikey.com/ja/products/detail/cincon-electronics-co-ltd/EC7AW-24D12/13913859
EC7AW-24D15N,Cincon Electronics Co. LTD,5289.0,40,15V,-15V,9.0,36.0,0.333,333mA、333mA,10 W,3 kV,0.89,調節可能出力、ベースプレート、リモートオン/オフ,-,//mm.digikey.com/Volume0/opasdata/d220001/medias/docus/4199/EC7AW-series.pdf,https://www.digikey.com/ja/products/detail/cincon-electronics-co-ltd/EC7AW-24D15N/13913903
THL 15-2422WI,Traco Power,5309.0,34,12V,-12V,9.0,36.0,0.625,625mA、625mA,15 W,1.8 kV,0.89,リモートオン/オフ、OCP、OVP、SCP,-,https://www.tracopower.com/products/thl15wi.pdf,https://www.digikey.com/ja/products/detail/traco-power/THL-15-2422WI/9998474
THL 15-2423WI,Traco Power,5310.0,15,15V,-15V,9.0,36.0,0.5,500mA、500mA,15 W,1.8 kV,0.89,リモートオン/オフ、OCP、OVP、SCP,-,https://www.tracopower.com/products/thl15wi.pdf,https://www.digikey.com/ja/products/detail/traco-power/THL-15-2423WI/9998475
TEL 12-1222,Traco Power,5320.0,10,12V,-12V,9.0,18.0,0.5,500mA、500mA,12 W,1.8 kV,87%,ベースプレート,-,https://www.tracopower.com/products/tel12.pdf,https://www.digikey.com/ja/products/detail/traco-power/TEL-12-1222/13545503
TEL 12-1223,Traco Power,5320.0,4,15V,-15V,9.0,18.0,0.4,400mA、400mA,12 W,1.8 kV,87%,ベースプレート,-,https://www.tracopower.com/products/tel12.pdf,https://www.digikey.com/ja/products/detail/traco-power/TEL-12-1223/13545515
THD 10-2423WIN,Traco Power,5422.0,30,15V,-15V,9.0,36.0,0.333,333mA、333mA,10 W,1.5 kV,87%,リモートオン/オフ、OCP、SCP,-,https://www.tracopower.com/products/thd10win.pdf,https://www.digikey.com/ja/products/detail/traco-power/THD-10-2423WIN/9344610
TEN 8-1222,Traco Power,5530.0,48,12V,-12V,9.0,18.0,0.335,335mA、335mA,8 W,1.5 kV,87%,リモートオン/オフ、OCP、SCP,-,https://www.tracopower.com/products/ten8.pdf,https://www.digikey.com/ja/products/detail/traco-power/TEN-8-1222/9383254
EC5SAW-24D12N,Cincon Electronics Co. LTD,5558.0,2,12V,-12V,9.0,36.0,0.417,417mA、417mA,10 W,3 kV,0.89,リモートオン/オフ,-,https://www.cincon.com/productdownload/Datasheet-EC5SAW.pdf,https://www.digikey.com/ja/products/detail/cincon-electronics-co-ltd/EC5SAW-24D12N/11310711
TEL 12-2422WI,Traco Power,5580.0,13,12V,-12V,9.0,36.0,0.5,500mA、500mA,12 W,1.8 kV,87%,ベースプレート,-,https://www.tracopower.com/products/tel12wi.pdf,https://www.digikey.com/ja/products/detail/traco-power/TEL-12-2422WI/13545508
S24DE150R5PDFA,Delta Electronics,5601.0,136,15V,-15V,9.0,36.0,0.5,500mA、500mA,15 W,1.6 kV,87.5%,リモートオン/オフ、UVLO,,https://filecenter.deltaww.com/products/download/01/0102/datasheet/DS_S24SE_S24DE_15W.pdf,https://www.digikey.com/ja/products/detail/delta-electronics/S24DE150R5PDFA/3528219
S24DE120R6PDFA,Delta Electronics,5601.0,48,12V,-12V,9.0,36.0,0.625,625mA、625mA,15 W,1.6 kV,87.5%,リモートオン/オフ、UVLO,,https://filecenter.deltaww.com/products/download/01/0102/datasheet/DS_S24SE_S24DE_15W.pdf,https://www.digikey.com/ja/products/detail/delta-electronics/S24DE120R6PDFA/3528218
EC7AW-24D12N,Cincon Electronics Co. LTD,5606.0,20,12V,-12V,9.0,36.0,0.417,417mA、417mA,10 W,3 kV,88.5%,調節可能出力、ベースプレート、リモートオン/オフ,-,//mm.digikey.com/Volume0/opasdata/d220001/medias/docus/4199/EC7AW-series.pdf,https://www.digikey.com/ja/products/detail/cincon-electronics-co-ltd/EC7AW-24D12N/13913893
CCG10-24-15DF,TDK-Lambda,5625.0,7,15V,-15V,9.0,36.0,0.34,340mA、340mA,10 W,1.5 kV,90%,リモートオン/オフ、OCP,,https://product.tdk.com/system/files/dam/doc/product/power/switching-power/dc-dc-converter/catalog/ccg_j.pdf,https://www.digikey.com/ja/products/detail/tdk-lambda/CCG10-24-15DF/18695273
CCG10-12-12DF,TDK-Lambda,5625.0,13,12V,-12V,4.5,18.0,0.42,420mA、420mA,10 W,1.5 kV,0.89,リモートオン/オフ、OCP,-,https://product.tdk.com/system/files/dam/doc/product/power/switching-power/dc-dc-converter/catalog/ccg_j.pdf,https://www.digikey.com/ja/products/detail/tdk-lambda/CCG10-12-12DF/18695449
CCG10-12-15DF,TDK-Lambda,5625.0,5,15V,-15V,4.5,18.0,0.34,340mA、340mA,10 W,1.5 kV,90%,リモートオン/オフ、OCP,-,https://product.tdk.com/system/files/dam/doc/product/power/switching-power/dc-dc-converter/catalog/ccg_j.pdf,https://www.digikey.com/ja/products/detail/tdk-lambda/CCG10-12-15DF/18695374
THL 10-1223,Traco Power,5730.0,13,15V,-15V,9.0,18.0,0.333,333mA、333mA,10 W,1.5 kV,87%,SCP,-,https://www.tracopower.com/products/thl10.pdf,https://www.digikey.com/ja/products/detail/traco-power/THL-10-1223/9343706
THL 10-1222,Traco Power,5730.0,2,12V,-12V,9.0,18.0,0.416,416mA、416mA,10 W,1.5 kV,87%,SCP,-,https://www.tracopower.com/products/thl10.pdf,https://www.digikey.com/ja/products/detail/traco-power/THL-10-1222/9343705
PDL09-12D15M,P-DUKE Technology,5808.0,10,15V,-15V,9.0,18.0,0.3,300mA、300mA,9 W,1.6 kV,0.89,リモートオン/オフ、スタンバイ出力,-,https://www.pduke.com/Upload/download/datasheet/pdl09_datasheet.pdf,https://www.digikey.com/ja/products/detail/p-duke-technology/PDL09-12D15M/13531918
TEL 15-1223N,Traco Power,5846.0,15,15V,-15V,9.0,18.0,0.5,500mA、500mA,15 W,1.5 kV,87%,ベースプレート,-,https://www.tracopower.com/sites/default/files/products/datasheets/tel15n_datasheet.pdf,https://www.digikey.com/ja/products/detail/traco-power/TEL-15-1223N/16820140
TEL 15-1222N,Traco Power,5846.0,10,12V,-12V,9.0,18.0,0.625,625mA、625mA,15 W,1.5 kV,87%,ベースプレート,-,https://www.tracopower.com/sites/default/files/products/datasheets/tel15n_datasheet.pdf,https://www.digikey.com/ja/products/detail/traco-power/TEL-15-1222N/16820135
JTK1524D15,XP Power,5870.0,53,15V,-15V,9.0,36.0,0.5,500mA,15 W,1.6 kV,0.89,リモートオン/オフ、OCP、OVP、SCP,,https://www.xppower.com/portals/0/pdfs/SF_JTK15-20.pdf,https://www.digikey.com/ja/products/detail/xp-power/JTK1524D15/4488493
EC5SAW-24D15N,Cincon Electronics Co. LTD,5893.0,47,15V,-15V,9.0,36.0,0.333,333mA、333mA,10 W,3 kV,0.89,リモートオン/オフ,-,https://www.cincon.com/productdownload/Datasheet-EC5SAW.pdf,https://www.digikey.com/ja/products/detail/cincon-electronics-co-ltd/EC5SAW-24D15N/11310717
REC10-1212D/H2/M,Recom Power,5901.7,20,12V,-12V,9.0,18.0,0.416,416mA、416mA,10 W,2 kV,86%,リモートオン/オフ、OCP、SCP、UVLO,,https://recom-power.com/pdf/Econoline/REC10_M.pdf,https://www.digikey.com/ja/products/detail/recom-power/REC10-1212D-H2-M/3906203
REC7.5-1212DRW/H2/A/M,Recom Power,6021.0,22,12V,-12V,9.0,18.0,0.312,312mA、312mA,8 W,2 kV,85%,SCP,,https://recom-power.com/pdf/Econoline/REC7.5-RW.pdf,https://www.digikey.com/ja/products/detail/recom-power/REC7-5-1212DRW-H2-A-M/2313810
REC7.5-1212DRW/H1/A/M,Recom Power,6021.0,15,12V,-12V,9.0,18.0,0.312,312mA、312mA,8 W,1 kV,85%,SCP,,https://recom-power.com/pdf/Econoline/REC7.5-RW.pdf,https://www.digikey.com/ja/products/detail/recom-power/REC7-5-1212DRW-H1-A-M/2313804
ATA02BB18-L,ARTESYN / Advanced Energy,6034.0,7,12V,-12V,9.0,36.0,0.335,335mA、335mA,8 W,1.5 kV,85%,OCP、SCP、UVLO,-,https://www.artesyn.com/assets/trn_dc-dc_ata_8w_series_releas1488937128_techref.pdf?78d1eae5beebf8ced970a2f365314ab92f25070e=&a=b55c17d6dbd2f46268a1551d5c4a360aece5529c,https://www.digikey.com/ja/products/detail/artesyn-advanced-energy/ATA02BB18-L/7172442
FKC08-24D12W,P-DUKE Technology,6042.0,4,12V,-12V,9.0,36.0,0.333,333mA、333mA,8 W,1.6 kV,86%,リモートオン/オフ,-,https://www.pduke.com/Upload/download/datasheet/fkc08w_datasheet.pdf,https://www.digikey.com/ja/products/detail/p-duke-technology/FKC08-24D12W/13531920
PDQ10-Q24-D12-D,Bel Power Solutions,6077.0,123,12V,-12V,9.0,36.0,0.416,416mA、416mA,10 W,1.5 kV,86%,リモートオン/オフ、OCP、OVP、SCP、UVLO,,https://belfuse.com/media/datasheets/products/power-supplies/PDQ10-D.pdf,https://www.digikey.com/ja/products/detail/bel-power-solutions/PDQ10-Q24-D12-D/6165204
TEL 15-2423WIN,Traco Power,6119.0,6,15V,-15V,9.0,36.0,0.5,500mA、500mA,15 W,1.8 kV,87%,ベースプレート,-,https://www.tracopower.com/sites/default/files/products/datasheets/tel15win_datasheet.pdf,https://www.digikey.com/ja/products/detail/traco-power/TEL-15-2423WIN/16820128
TEL 15-2422WIN,Traco Power,6119.0,5,12V,-12V,9.0,36.0,0.625,625mA、625mA,15 W,1.8 kV,87%,ベースプレート,-,https://www.tracopower.com/sites/default/files/products/datasheets/tel15win_datasheet.pdf,https://www.digikey.com/ja/products/detail/traco-power/TEL-15-2422WIN/16820136
THL 10-2423WI,Traco Power,6132.0,6,15V,-15V,9.0,36.0,0.33,330mA、330mA,9.9 W,1.5 kV,87%,リモートオン/オフ、SCP,-,https://www.tracopower.com/products/thl10wi.pdf,https://www.digikey.com/ja/products/detail/traco-power/THL-10-2423WI/9383304
THL 10-2422WI,Traco Power,6140.0,7,12V,-12V,9.0,36.0,0.41,410mA、410mA,9.8 W,1.5 kV,86%,リモートオン/オフ、SCP,-,https://www.tracopower.com/products/thl10wi.pdf,https://www.digikey.com/ja/products/detail/traco-power/THL-10-2422WI/9382653
TEL 15-1222N-HS,Traco Power,6257.0,9,12V,-12V,9.0,18.0,0.625,625mA、625mA,15 W,1.8 kV,87%,ベースプレート,-,https://www.tracopower.com/tel15win-datasheet,https://www.digikey.com/ja/products/detail/traco-power/TEL-15-1222N-HS/16820153
TEL 15-1223N-HS,Traco Power,6257.0,3,15V,-15V,9.0,18.0,0.5,500mA、500mA,15 W,1.8 kV,87%,ベースプレート,-,https://www.tracopower.com/tel15win-hs-datasheet,https://www.digikey.com/ja/products/detail/traco-power/TEL-15-1223N-HS/16820097
EC4BW04,Cincon Electronics Co. LTD,6277.0,260,12V,-12V,9.0,36.0,0.415,415mA、415mA,10 W,500 V,80%,SCP,-,https://www.cincon.com/productdownload/Datasheet-EC4BW.pdf,https://www.digikey.com/ja/products/detail/cincon-electronics-co-ltd/EC4BW04/9683446
EC4BU-12D12,Cincon Electronics Co. LTD,6315.0,2,12V,-12V,9.0,18.0,0.416,416mA、416mA,10 W,1.5 kV,87%,OCP、OVP、SCP、UVLO,-,https://www.cincon.com/productdownload/Datasheet-EC4BU-series.pdf,https://www.digikey.com/ja/products/detail/cincon-electronics-co-ltd/EC4BU-12D12/9683353
TMR 12-2422WI,Traco Power,6328.0,37,12V,-12V,9.0,36.0,0.5,500mA、500mA,12 W,1.6 kV,0.89,リモートオン/オフ,-,https://www.tracopower.com/tmr12wi-datasheet,https://www.digikey.com/ja/products/detail/traco-power/TMR-12-2422WI/16585164
TMR 12-1223WI,Traco Power,6328.0,18,15V,-15V,4.5,18.0,0.4,400mA、400mA,12 W,1.6 kV,0.89,リモートオン/オフ,-,https://www.tracopower.com/tmr12wi-datasheet,https://www.digikey.com/ja/products/detail/traco-power/TMR-12-1223WI/16585160
TMR 12-1222WI,Traco Power,6328.0,14,12V,-12V,4.5,18.0,0.5,500mA、500mA,12 W,1.6 kV,0.89,リモートオン/オフ,-,https://www.tracopower.com/tmr12wi-datasheet,https://www.digikey.com/ja/products/detail/traco-power/TMR-12-1222WI/16585157
DKMW20W8-15,MEAN WELL USA Inc.,6432.0,1,15V,-15V,9.0,75.0,0.66,660mA、660mA,20 W,1.5 kV,0.88,調節可能出力、リモートオン/オフ,-,"https://www.meanwell.com/upload/pdf/SKMW20/SKMW20,DKMW20-spec.pdf",https://www.digikey.com/ja/products/detail/mean-well-usa-inc/DKMW20W8-15/29337008
DKMW20W8-12,MEAN WELL USA Inc.,6432.0,1,12V,-12V,9.0,75.0,0.83,830mA、830mA,20 W,1.5 kV,87%,調節可能出力、リモートオン/オフ,-,"https://www.meanwell.com/upload/pdf/SKMW20/SKMW20,DKMW20-spec.pdf",https://www.digikey.com/ja/products/detail/mean-well-usa-inc/DKMW20W8-12/29337021
PDQ10-Q24-D15-D,Bel Power Solutions,6442.0,459,15V,-15V,9.0,36.0,0.333,333mA、333mA,10 W,1.5 kV,86%,リモートオン/オフ、OCP、OVP、SCP、UVLO,,https://belfuse.com/media/datasheets/products/power-supplies/PDQ10-D.pdf,https://www.digikey.com/ja/products/detail/bel-power-solutions/PDQ10-Q24-D15-D/6165205
RCD10-24D12W-A,P-DUKE Technology,6447.0,2,12V,-12V,9.0,36.0,0.416,416mA、416mA,9.984 W,3 kV,0.89,調節可能出力、リモートオン/オフ,-,https://www.pduke.com/Upload/download/datasheet/rcd10w_datasheet.pdf,https://www.digikey.com/ja/products/detail/p-duke-technology/RCD10-24D12W-A/22535372
BEI15-150-Q12N-C,Murata Power Solutions Inc.,6511.0,87,15V,-15V,9.0,36.0,0.5,500mA、500mA,15 W,2 kV,84%,-,,https://pim.murata.com/asset/pim4/isolatedDCDCconverter/BEI15_PDF_ISOLATEDDCDCCONVERTER?lastModifiedDatetime=20250707193715,https://www.digikey.com/ja/products/detail/murata-power-solutions-inc/BEI15-150-Q12N-C/2242608
TEL 15-2423WIN-HS,Traco Power,6528.0,11,15V,-15V,9.0,36.0,0.5,500mA、500mA,15 W,1.8 kV,87%,ベースプレート,-,https://www.tracopower.com/sites/default/files/products/datasheets/tel15win_hs_datasheet.pdf,https://www.digikey.com/ja/products/detail/traco-power/TEL-15-2423WIN-HS/16820124
TEL 15-2422WIN-HS,Traco Power,6528.0,1,12V,-12V,9.0,36.0,0.625,625mA、625mA,15 W,1.8 kV,87%,ベースプレート,-,https://www.tracopower.com/sites/default/files/products/datasheets/tel15win_hs_datasheet.pdf,https://www.digikey.com/ja/products/detail/traco-power/TEL-15-2422WIN-HS/16820127
UC15-24D15,Adam Tech,6560.0,7,15V,-15V,9.0,36.0,0.5,500mA、500mA,15 W,1.6 kV,0.89,-,-,https://app.adam-tech.com/products/download/data_sheet/247061/uc15-24d15-data-sheet.pdf,https://www.digikey.com/ja/products/detail/adam-tech/UC15-24D15/22154159
EC4BW05,Cincon Electronics Co. LTD,6655.0,67,15V,-15V,9.0,36.0,0.333,333mA、333mA,10 W,500 V,80%,SCP,-,https://www.cincon.com/productdownload/Datasheet-EC4BW.pdf,https://www.digikey.com/ja/products/detail/cincon-electronics-co-ltd/EC4BW05/9683447
TMR 9-1222,Traco Power,6660.0,6,12V,-12V,9.0,18.0,0.375,375mA、375mA,9 W,1.6 kV,0.88,リモートオン/オフ、SCP,-,https://www.tracopower.com/products/tmr9.pdf,https://www.digikey.com/ja/products/detail/traco-power/TMR-9-1222/9345178
JTK2024D15,XP Power,6663.0,10,15V,-15V,9.0,36.0,0.667,667mA,20 W,1.6 kV,0.89,リモートオン/オフ、OCP、OVP、SCP,,https://www.xppower.com/portals/0/pdfs/SF_JTK15-20.pdf,https://www.digikey.com/ja/products/detail/xp-power/JTK2024D15/4476991
BPM15-150-Q12P-C,Murata Power Solutions Inc.,6684.0,92,15V,-15V,9.0,36.0,0.5,500mA、500mA,15 W,1.6 kV,84.5%,リモートオン/オフ、OTP、OVP、SCP,,https://pim.murata.com/asset/pim4/isolatedDCDCconverter/BPM15_PDF_ISOLATEDDCDCCONVERTER?lastModifiedDatetime=20250707193551,https://www.digikey.com/ja/products/detail/murata-power-solutions-inc/BPM15-150-Q12P-C/5962504
TMR 10-2423WIR,Traco Power,6734.0,15,15V,-15V,9.0,36.0,0.336,336mA、336mA,10 W,3 kV,0.89,リモートオン/オフ,8-SIP,https://www.tracopower.com/tmr10wir-datasheet,https://www.digikey.com/ja/products/detail/traco-power/TMR-10-2423WIR/27382002
TMR 10-2422WIR,Traco Power,6734.0,10,12V,-12V,9.0,36.0,0.42,420mA、420mA,10 W,3 kV,0.89,リモートオン/オフ,8-SIP,https://www.tracopower.com/tmr10wir-datasheet,https://www.digikey.com/ja/products/detail/traco-power/TMR-10-2422WIR/27381995
BPM15-120-Q12-C,Murata Power Solutions Inc.,6739.0,283,12V,-12V,9.0,36.0,0.625,625mA、625mA,15 W,1.6 kV,84%,OTP、OVP、SCP,,https://pim.murata.com/asset/pim4/isolatedDCDCconverter/BPM15_PDF_ISOLATEDDCDCCONVERTER?lastModifiedDatetime=20250707193551,https://www.digikey.com/ja/products/detail/murata-power-solutions-inc/BPM15-120-Q12-C/5962496
BPM15-150-Q12-C,Murata Power Solutions Inc.,6739.0,9,15V,-15V,9.0,36.0,0.5,500mA、500mA,15 W,1.6 kV,84.5%,OTP、OVP、SCP,,https://pim.murata.com/asset/pim4/isolatedDCDCconverter/BPM15_PDF_ISOLATEDDCDCCONVERTER?lastModifiedDatetime=20250707193551,https://www.digikey.com/ja/products/detail/murata-power-solutions-inc/BPM15-150-Q12-C/5962502
REC15E-2412DZ,Recom Power,6763.0,9,12V,-12V,9.0,36.0,0.625,625mA、625mA,15 W,2 kV,87%,OCP、SCP、UVLO,-,https://recom-power.com/pdf/Econoline/REC15E-Z.pdf,https://www.digikey.com/ja/products/detail/recom-power/REC15E-2412DZ/9598231
REC15E-2415DZ,Recom Power,6763.0,1,15V,-15V,9.0,36.0,0.5,500mA、500mA,15 W,2 kV,0.89,OCP、SCP、UVLO,-,https://recom-power.com/pdf/Econoline/REC15E-Z.pdf,https://www.digikey.com/ja/products/detail/recom-power/REC15E-2415DZ/9598131
TMR 12-2423WI,Traco Power,6843.0,1,15V,-15V,9.0,36.0,0.4,400mA、400mA,12 W,1.6 kV,0.89,リモートオン/オフ,-,https://www.tracopower.com/tmr12wi-datasheet,https://www.digikey.com/ja/products/detail/traco-power/TMR-12-2423WI/16585147
JCA1012D03,XP Power,6868.0,18,15V,-15V,9.0,18.0,0.33,330mA、330mA,10 W,1.5 kV,0.89,OCP、OVP、SCP、UVLO,,https://www.xppower.com/portals/0/pdfs/SF_JCA10.pdf,https://www.digikey.com/ja/products/detail/xp-power/JCA1012D03/4488156
LCD15-24D15W,P-DUKE Technology,6882.0,6,15V,-15V,9.0,36.0,0.5,500mA、500mA,15 W,1.6 kV,0.88,リモートオン/オフ,-,https://www.pduke.com/Upload/download/datasheet/lcd15w_datasheet.pdf,https://www.digikey.com/ja/products/detail/p-duke-technology/LCD15-24D15W/13180141
LCD15-24D12W,P-DUKE Technology,6882.0,4,12V,-12V,9.0,36.0,0.625,625mA、625mA,15 W,1.6 kV,87%,リモートオン/オフ,-,https://www.pduke.com/Upload/download/datasheet/lcd15w_datasheet.pdf,https://www.digikey.com/ja/products/detail/p-duke-technology/LCD15-24D12W/13180145
TEN 8-2422WI,Traco Power,6884.0,825,12V,-12V,9.0,36.0,0.333,333mA、333mA,8 W,1.5 kV,86%,リモートオン/オフ、OCP、OVP、SCP、UVLO,-,https://www.tracopower.com/products/ten8wi.pdf,https://www.digikey.com/ja/products/detail/traco-power/TEN-8-2422WI/9383607
EC3SBW-24D12,Cincon Electronics Co. LTD,6904.0,24,12V,-12V,9.0,36.0,0.625,625mA、625mA,15 W,1.5 kV,87%,リモートオン/オフ、OCP、OVP、SCP、UVLO,-,https://www.cincon.com/productdownload/Datasheet-EC3SBW-series.pdf,https://www.digikey.com/ja/products/detail/cincon-electronics-co-ltd/EC3SBW-24D12/9683972
EC3SBW-24D15,Cincon Electronics Co. LTD,6904.0,6,15V,-15V,9.0,36.0,0.5,500mA、500mA,15 W,1.5 kV,0.88,リモートオン/オフ、OCP、OVP、SCP、UVLO,-,https://www.cincon.com/productdownload/Datasheet-EC3SBW-series.pdf,https://www.digikey.com/ja/products/detail/cincon-electronics-co-ltd/EC3SBW-24D15/9683973
THD 12-1223,Traco Power,6941.0,66,15V,-15V,9.0,18.0,0.4,400mA、400mA,12 W,1.5 kV,87%,リモートオン/オフ、OVP、SCP、UVLO,-,https://www.tracopower.com/products/thd12.pdf,https://www.digikey.com/ja/products/detail/traco-power/THD-12-1223/9382642
JCJ1012D12,XP Power,6965.0,20,12V,-12V,9.0,18.0,0.416,416mA、416mA,10 W,1.5 kV,87%,OCP、OVP、SCP,,https://www.xppower.com/portals/0/pdfs/SF_JCJ.pdf,https://www.digikey.com/ja/products/detail/xp-power/JCJ1012D12/4476804
SUW101215C,コーセル,6974.0,21,15V,-15V,9.0,18.0,0.35,350mA、350mA,11 W,500 V,86%,-,-,https://www.cosel.com/tool/tag.php/pdf/CME_SU.pdf,https://www.digikey.com/ja/products/detail/cosel-usa-inc/SUW101215C/7052300
SUW101212C,コーセル,6974.0,5,12V,-12V,9.0,18.0,0.45,450mA、450mA,11 W,500 V,86%,-,-,https://www.cosel.com/tool/tag.php/pdf/CME_SU.pdf,https://www.digikey.com/ja/products/detail/cosel-usa-inc/SUW101212C/7052297
EC4SBW-24D15,Cincon Electronics Co. LTD,6979.0,53,15V,-15V,9.0,36.0,0.66,660mA、660mA,20 W,1.5 kV,0.89,リモートオン/オフ、OCP、OVP、SCP、UVLO,-,https://www.cincon.com/productdownload/Datasheet-EC4SBW-series.pdf,https://www.digikey.com/ja/products/detail/cincon-electronics-co-ltd/EC4SBW-24D15/9683986
JCM2012D12,XP Power,7140.0,10,12V,-12V,9.0,18.0,0.833,833mA、833mA,20 W,1.6 kV,0.89,リモートオン/オフ、OCP、OVP、SCP,,https://www.xppower.com/portals/0/pdfs/SF_JCM15-20.pdf,https://www.digikey.com/ja/products/detail/xp-power/JCM2012D12/4488416
BEI15-150-Q12P-C,Murata Power Solutions Inc.,7179.0,306,15V,-15V,9.0,36.0,0.5,500mA、500mA,15 W,2 kV,84%,-,,https://pim.murata.com/asset/pim4/isolatedDCDCconverter/BEI15_PDF_ISOLATEDDCDCCONVERTER?lastModifiedDatetime=20250707193715,https://www.digikey.com/ja/products/detail/murata-power-solutions-inc/BEI15-150-Q12P-C/2242609
THN 15-1222N,Traco Power,7179.0,5,12V,-12V,9.0,18.0,0.625,625mA、625mA,15 W,1.6 kV,0.89,リモートオン/オフ、OCP、OVP、SCP,-,https://www.tracopower.com/products/thn15n.pdf,https://www.digikey.com/ja/products/detail/traco-power/THN-15-1222N/9829285
TMR 9-1223,Traco Power,7200.0,140,15V,-15V,9.0,18.0,0.3,300mA、300mA,9 W,1.6 kV,0.89,リモートオン/オフ、SCP,-,https://www.tracopower.com/products/tmr9.pdf,https://www.digikey.com/ja/products/detail/traco-power/TMR-9-1223/9345179
RPA20-2415DAW-HC,Recom Power,7286.7,60,15V,-15V,9.0,36.0,0.67,670mA、670mA,20 W,1.6 kV,0.88,リモートオン/オフ、OCP、OTP、OVP、SCP、UVLO,6-DIPモジュール,https://recom-power.com/pdf/Powerline_DC-DC/RPA20-AW.pdf,https://www.digikey.com/ja/products/detail/recom-power/RPA20-2415DAW-HC/6206341
EC7AW18-72D15,Cincon Electronics Co. LTD,7338.0,2,15V,-15V,8.5,160.0,0.333,333mA、333mA,10 W,4.2 kV,87%,リモートオン/オフ,-,https://www.cincon.com/productdownload/Datasheet-EC7AW18-series.pdf,https://www.digikey.com/ja/products/detail/cincon-electronics-co-ltd/EC7AW18-72D15/21777153
THD 12-1222,Traco Power,7357.0,18,12V,-12V,9.0,18.0,0.5,500mA、500mA,12 W,1.5 kV,87%,リモートオン/オフ、OVP、SCP、UVLO,-,https://www.tracopower.com/products/thd12.pdf,https://www.digikey.com/ja/products/detail/traco-power/THD-12-1222/9382641
EC4SBW-24D12,Cincon Electronics Co. LTD,7397.0,41,12V,-12V,9.0,36.0,0.83,830mA、830mA,20 W,1.5 kV,88.5%,リモートオン/オフ、OCP、OVP、SCP、UVLO,-,https://www.cincon.com/productdownload/Datasheet-EC4SBW-series.pdf,https://www.digikey.com/ja/products/detail/cincon-electronics-co-ltd/EC4SBW-24D12/9683985
TMR 9-2422WI,Traco Power,7480.0,31,12V,-12V,9.0,36.0,0.375,375mA、375mA,9 W,1.6 kV,0.88,リモートオン/オフ、SCP,-,https://www.tracopower.com/products/tmr9wi.pdf,https://www.digikey.com/ja/products/detail/traco-power/TMR-9-2422WI/9345193
THN 15-1222,Traco Power,7521.0,25,12V,-12V,9.0,18.0,0.625,625mA、625mA,15 W,1.5 kV,87%,リモートオン/オフ、OVP、SCP,-,https://www.tracopower.com/products/thn15.pdf,https://www.digikey.com/ja/products/detail/traco-power/THN-15-1222/9344943
THD 12-2423WI,Traco Power,7535.0,66,15V,-15V,9.0,36.0,0.4,400mA、400mA,12 W,1.5 kV,85%,リモートオン/オフ、OVP、SCP、UVLO,-,https://www.tracopower.com/products/thd12wi.pdf,https://www.digikey.com/ja/products/detail/traco-power/THD-12-2423WI/9383292
AXA000CC18-L,ARTESYN / Advanced Energy,7553.0,10,15V,-15V,9.0,36.0,0.33,330mA、330mA,10 W,1.5 kV,87%,リモートオン/オフ、SCP,,https://www.artesyn.com/documents/show.php?seriesId=572,https://www.digikey.com/ja/products/detail/artesyn-advanced-energy/AXA000CC18-L/5761195
AXA000BB18-L,ARTESYN / Advanced Energy,7553.0,3,12V,-12V,9.0,36.0,0.41,410mA、410mA,10 W,1.5 kV,86%,リモートオン/オフ、SCP,,https://www.artesyn.com/documents/show.php?seriesId=572,https://www.digikey.com/ja/products/detail/artesyn-advanced-energy/AXA000BB18-L/5761194
ICZ0912D15,XP Power,7578.0,9,15V,-15V,9.0,18.0,0.3,300mA、300mA,9 W,1.6 kV,0.89,リモートオン/オフ、OCP、SCP、UVLO,12-SIP,https://www.xppower.com/portals/0/pdfs/SF_ICZ09.pdf,https://www.digikey.com/ja/products/detail/xp-power/ICZ0912D15/7428661
BEI15-120-Q12P-C,Murata Power Solutions Inc.,7609.0,991,12V,-12V,9.0,36.0,0.625,625mA、625mA,15 W,2 kV,86%,-,,https://pim.murata.com/asset/pim4/isolatedDCDCconverter/BEI15_PDF_ISOLATEDDCDCCONVERTER?lastModifiedDatetime=20250707193715,https://www.digikey.com/ja/products/detail/murata-power-solutions-inc/BEI15-120-Q12P-C/2242605
20DMW4_2412D1.5,GAPTEC Electronic,7663.0,26,12V,-12V,9.0,36.0,0.833,833mA、833mA,20 W,1.5 kV,0.89,調節可能出力、ベースプレート、リモートオン/オフ,-,https://gaptec-electronic.com/datenblaetter/20DMW4_1.5.pdf,https://www.digikey.com/ja/products/detail/gaptec-electronic/20DMW4-2412D1-5/13692532
THD 12-2422WI,Traco Power,7686.0,11,12V,-12V,9.0,36.0,0.5,500mA、500mA,12 W,1.5 kV,85%,リモートオン/オフ、OVP、SCP、UVLO,-,https://www.tracopower.com/products/thd12wi.pdf,https://www.digikey.com/ja/products/detail/traco-power/THD-12-2422WI/9383290
THN 15-2422WI,Traco Power,7762.0,37,12V,-12V,9.0,36.0,0.625,625mA、625mA,15 W,1.6 kV,87%,リモートオン/オフ、OVP、SCP、UVLO,-,https://www.tracopower.com/products/thn15wi.pdf,https://www.digikey.com/ja/products/detail/traco-power/THN-15-2422WI/9383327
THR 10-2422WI,Traco Power,7777.0,5,12V,-12V,9.0,36.0,0.417,417mA、417mA,10 W,3 kV,86%,調節可能出力、リモートオン/オフ,-,https://www.tracopower.com/sites/default/files/products/datasheets/thr10wi_datasheet.pdf,https://www.digikey.com/ja/products/detail/traco-power/THR-10-2422WI/14681485
THR 10-2423WI,Traco Power,7777.0,1,15V,-15V,9.0,36.0,0.335,335mA、335mA,10 W,3 kV,87%,調節可能出力、リモートオン/オフ,-,https://www.tracopower.com/sites/default/files/products/datasheets/thr10wi_datasheet.pdf,https://www.digikey.com/ja/products/detail/traco-power/THR-10-2423WI/14681495
REC15-1215D/H2/M,Recom Power,7781.6,10,15V,-15V,9.0,18.0,0.5,500mA、500mA,15 W,2 kV,86%,リモートオン/オフ、OCP、SCP、UVLO,,https://recom-power.com/pdf/Econoline/REC15_M.pdf,https://www.digikey.com/ja/products/detail/recom-power/REC15-1215D-H2-M/3906119
RP10-1215DA/P,Recom Power,7806.625,8,15V,-15V,9.0,18.0,0.333,333mA、333mA,10 W,1.6 kV,90%,リモートオン/オフ、OCP、OVP、SCP、UVLO,,https://recom-power.com/pdf/Powerline_DC-DC/RP10-A.pdf,https://www.digikey.com/ja/products/detail/recom-power/RP10-1215DA-P/5881377
THN 15-2423WI,Traco Power,7919.0,392,15V,-15V,9.0,36.0,0.5,500mA、500mA,15 W,1.6 kV,0.88,リモートオン/オフ、OVP、SCP、UVLO,-,https://www.tracopower.com/products/thn15wi.pdf,https://www.digikey.com/ja/products/detail/traco-power/THN-15-2423WI/9383329
AXA000BB18-LHS,ARTESYN / Advanced Energy,7955.0,9,12V,-12V,9.0,36.0,0.41,410mA、410mA,9.8 W,1.5 kV,86%,-,-,//mm.digikey.com/Volume0/opasdata/d220001/medias/common/6130/tmp_633157.tmp.html,https://www.digikey.com/ja/products/detail/artesyn-advanced-energy/AXA000BB18-LHS/7311962
AXA000CC18-LHS,ARTESYN / Advanced Energy,7955.0,10,15V,-15V,9.0,36.0,0.33,330mA、330mA,10 W,1.5 kV,87%,ベースプレート、ヒートシンク、リモートオン/オフ,-,https://www.artesyn.com/documents/572/,https://www.digikey.com/ja/products/detail/artesyn-advanced-energy/AXA000CC18-LHS/15648631
TEL 15-1223,Traco Power,8005.0,9,15V,-15V,9.0,18.0,0.5,500mA、500mA,15 W,1.5 kV,86%,SCP,-,https://www.tracopower.com/products/tel15.pdf,https://www.digikey.com/ja/products/detail/traco-power/TEL-15-1223/9344211
REC8-2412DRWZ/H3/A/M,Recom Power,8075.0,66,12V,-12V,9.0,36.0,0.333,333mA、333mA,8 W,3 kV,85%,リモートオン/オフ、OCP、SCP,,https://recom-power.com/pdf/Econoline/REC8-RW.pdf,https://www.digikey.com/ja/products/detail/recom-power/REC8-2412DRWZ-H3-A-M/2397174
TMR 9-2423WI,Traco Power,8087.0,409,15V,-15V,9.0,36.0,0.3,300mA、300mA,9 W,1.6 kV,0.88,リモートオン/オフ、SCP,-,https://www.tracopower.com/products/tmr9wi.pdf,https://www.digikey.com/ja/products/detail/traco-power/TMR-9-2423WI/9345194
BTI24-15W50D,"Bellnix Co., Ltd.",8110.0,47,15V,-15V,9.0,36.0,0.5,500mA、500mA,15 W,1.5 kV,90%,調節可能出力、リモートオン/オフ,-,http://bellnix.com/pdf/%E3%80%90C013-0.1%E3%80%91Eng_BTI%20EN.pdf,https://www.digikey.com/ja/products/detail/bellnix-co-ltd/BTI24-15W50D/11307392
BTI24-12W65D,"Bellnix Co., Ltd.",8110.0,42,12V,-12V,9.0,36.0,0.65,650mA、650mA,16 W,1.5 kV,0.89,調節可能出力、リモートオン/オフ,-,http://bellnix.com/pdf/%E3%80%90C013-0.1%E3%80%91Eng_BTI%20EN.pdf,https://www.digikey.com/ja/products/detail/bellnix-co-ltd/BTI24-12W65D/11307431
20DMW4_2405S1.5,GAPTEC Electronic,8153.0,5,12V,-12V,9.0,36.0,0.833,833mA、833mA,20 W,1.5 kV,0.89,調節可能出力、ベースプレート、リモートオン/オフ,-,https://gaptec-electronic.com/datenblaetter/20DMW4_1.5.pdf,https://www.digikey.com/ja/products/detail/gaptec-electronic/20DMW4-2405S1-5/16986894
JHM1012D12,XP Power,8164.0,10,12V,-12V,9.0,18.0,0.42,420mA、420mA,10 W,4 kV,0.88,OCP、OVP、SCP、UVLO,,https://www.xppower.com/portals/0/pdfs/SF_JHM10.pdf,https://www.digikey.com/ja/products/detail/xp-power/JHM1012D12/4476910
LCD20-24D12W,P-DUKE Technology,8524.0,10,12V,-12V,9.0,36.0,0.833,833mA、833mA,20 W,1.6 kV,0.89,調節可能出力、リモートオン/オフ,-,https://www.pduke.com/Upload/download/datasheet/lcd20w_datasheet.pdf,https://www.digikey.com/ja/products/detail/p-duke-technology/LCD20-24D12W/13161041
JSM1012D12,XP Power,8646.0,9,12V,-12V,9.0,18.0,0.416,416mA、416mA,10 W,1.5 kV,87%,SCP、UVLO,,https://www.xppower.com/portals/0/pdfs/SF_JSM10.pdf,https://www.digikey.com/ja/products/detail/xp-power/JSM1012D12/6132496
THN 20-1222,Traco Power,8759.0,14,12V,-12V,9.0,18.0,0.833,833mA、833mA,20 W,1.5 kV,0.89,リモートオン/オフ、OVP、SCP,-,https://www.tracopower.com/products/thn20.pdf,https://www.digikey.com/ja/products/detail/traco-power/THN-20-1222/9344990
THN 20-1223,Traco Power,8759.0,10,15V,-15V,9.0,18.0,0.667,667mA、667mA,20 W,1.5 kV,0.89,リモートオン/オフ、OVP、SCP,-,https://www.tracopower.com/products/thn20.pdf,https://www.digikey.com/ja/products/detail/traco-power/THN-20-1223/9344991
RCD15-24D12W,P-DUKE Technology,8767.0,10,12V,-12V,9.0,36.0,0.625,625mA、625mA,15 W,3 kV,90%,リモートオン/オフ、スタンバイ出力,-,https://www.pduke.com/Upload/download/datasheet/rcd15w_datasheet.pdf,https://www.digikey.com/ja/products/detail/p-duke-technology/RCD15-24D12W/13531955
AEE00CC18-LS,ARTESYN / Advanced Energy,8947.0,255,15V,-15V,9.0,36.0,0.5,500mA、500mA,15 W,1.5 kV,84%,SCP,,https://www.artesyn.com/assets/aee15w_ds_03-24-14_ba49bf5713.pdf?4da0004d8191d9cc55cd529ce7cf190e261e37c2=&a=b55c17d6dbd2f46268a1551d5c4a360aece5529c,https://www.digikey.com/ja/products/detail/artesyn-advanced-energy/AEE00CC18-LS/4790036
THN 10-3623UIR,Traco Power,8955.0,10,15V,-15V,9.0,75.0,0.333,333mA、333mA,10 W,3 kV,87%,調節可能出力、リモートオン/オフ,-,https://www.tracopower.com/sites/default/files/products/datasheets/thn10uir_datasheet.pdf,https://www.digikey.com/ja/products/detail/traco-power/THN-10-3623UIR/23024982
THN 10-3622UIR,Traco Power,8962.0,2,12V,-12V,9.0,75.0,0.416,416mA、416mA,10 W,3 kV,87%,調節可能出力、リモートオン/オフ,-,https://www.tracopower.com/sites/default/files/products/datasheets/thn10uir_datasheet.pdf,https://www.digikey.com/ja/products/detail/traco-power/THN-10-3622UIR/23024983
JTR1024D12,XP Power,9090.0,20,12V,-12V,9.0,36.0,0.416,416mA、416mA,10 W,1.5 kV,87%,OCP、SCP,-,https://www.xppower.com/portals/0/pdfs/SF_JTR10.pdf,https://www.digikey.com/ja/products/detail/xp-power/JTR1024D12/10260331
THD 15-1223N,Traco Power,9220.0,9,15V,-15V,9.0,18.0,0.5,500mA、500mA,15 W,1.5 kV,90%,リモートオン/オフ、OVP、SCP,-,https://www.tracopower.com/sites/default/files/products/datasheets/thd15n_datasheet.pdf,https://www.digikey.com/ja/products/detail/traco-power/THD-15-1223N/9344640
RP20-1212DF,Recom Power,9275.0,9,12V,-12V,9.0,18.0,0.833,833mA、833mA,20 W,1.6 kV,86%,OCP、OVP、SCP、UVLO,,https://recom-power.com/pdf/Powerline_DC-DC/RP20-F.pdf,https://www.digikey.com/ja/products/detail/recom-power/RP20-1212DF/2320409
REC10-2412DRWZ/H2/A/M,Recom Power,9290.0,73,12V,-12V,9.0,36.0,0.416,416mA、416mA,10 W,2 kV,85%,リモートオン/オフ、OCP、SCP,,https://recom-power.com/pdf/Econoline/REC10-RW.pdf,https://www.digikey.com/ja/products/detail/recom-power/REC10-2412DRWZ-H2-A-M/2425589
RP08-2412DAW,Recom Power,9378.0,8,12V,-12V,9.0,36.0,0.333,333mA、333mA,8 W,1.6 kV,84%,リモートオン/オフ、OCP、SCP、UVLO,,https://recom-power.com/pdf/Powerline_DC-DC/RP08-AW.pdf,https://www.digikey.com/ja/products/detail/recom-power/RP08-2412DAW/2256422
THD 15-1222N,Traco Power,9401.0,3,12V,-12V,9.0,18.0,0.625,625mA、625mA,15 W,1.5 kV,90%,リモートオン/オフ、OVP、SCP,-,https://www.tracopower.com/sites/default/files/products/datasheets/thd15n_datasheet.pdf,https://www.digikey.com/ja/products/detail/traco-power/THD-15-1222N/9344639
JHM2012D15,XP Power,9405.0,28,15V,-15V,9.0,18.0,0.665,665mA、665mA,20 W,4 kV,0.89,OCP、OTP、OVP、SCP、UVLO,-,https://www.xppower.com/portals/0/pdfs/SF_JHM20.pdf,https://www.digikey.com/ja/products/detail/xp-power/JHM2012D15/9598098
THN 15-2423WIR,Traco Power,9431.0,5,15V,-15V,9.0,36.0,0.5,500mA、500mA,15 W,3 kV,0.89,リモートオン/オフ、OVP、SCP、UVLO,-,https://www.tracopower.com/products/thn15wir.pdf,https://www.digikey.com/ja/products/detail/traco-power/THN-15-2423WIR/9344954
TEN 15-1223,Traco Power,9469.0,16,15V,-15V,9.0,18.0,0.5,500mA、500mA,15 W,1.6 kV,84%,OCP、OVP、SCP,-,https://www.tracopower.com/products/ten15.pdf,https://www.digikey.com/ja/products/detail/traco-power/TEN-15-1223/9647261
REC10-2412DZ/H2/M,Recom Power,9524.0,7,12V,-12V,9.0,36.0,0.416,416mA、416mA,10 W,2 kV,85%,リモートオン/オフ、OCP、SCP、UVLO,,https://recom-power.com/pdf/Econoline/REC10_M.pdf,https://www.digikey.com/ja/products/detail/recom-power/REC10-2412DZ-H2-M/3906232
REC10-2415DZ/H2/M,Recom Power,9524.0,19,15V,-15V,9.0,36.0,0.333,333mA、333mA,10 W,2 kV,86%,リモートオン/オフ、OCP、SCP、UVLO,,https://recom-power.com/pdf/Econoline/REC10_M.pdf,https://www.digikey.com/ja/products/detail/recom-power/REC10-2415DZ-H2-M/3906239
RP10-2415DEW/N/M2,Recom Power,9553.33333,9,15V,-15V,9.0,36.0,0.333,333mA、333mA,10 W,1.6 kV,80%,リモートオン/オフ、OCP、OVP、SCP,,https://recom-power.com/pdf/Powerline_DC-DC/RP10-EW.pdf,https://www.digikey.com/ja/products/detail/recom-power/RP10-2415DEW-N-M2/2315381
TEN 10-1223,Traco Power,9568.0,17,15V,-15V,9.0,18.0,0.33,330mA、330mA,10 W,1.5 kV,80%,OCP、OVP、SCP,-,https://www.tracopower.com/products/ten10.pdf,https://www.digikey.com/ja/products/detail/traco-power/TEN-10-1223/9647224
THN 15-2422WIR,Traco Power,9619.0,33,12V,-12V,9.0,36.0,0.625,625mA、625mA,15 W,3 kV,0.89,リモートオン/オフ、OVP、SCP、UVLO,-,https://www.tracopower.com/products/thn15wir.pdf,https://www.digikey.com/ja/products/detail/traco-power/THN-15-2422WIR/9382734
PRC10W-72-D12,Bel Power Solutions,9709.0,10,12V,-12V,8.5,160.0,0.416,416mA、416mA,10 W,4.2 kV,87%,リモートオン/オフ,-,https://belfuse.com/media/datasheets/products/power-supplies/PRC10W.pdf,https://www.digikey.com/ja/products/detail/bel-power-solutions/PRC10W-72-D12/17507555
RP15-2412DAW/P,Recom Power,9778.0,8,12V,-12V,9.0,36.0,0.625,625mA、625mA,15 W,1.6 kV,87%,リモートオン/オフ、OCP、OVP、SCP,,https://recom-power.com/pdf/Powerline_DC-DC/RP15-AW.pdf,https://www.digikey.com/ja/products/detail/recom-power/RP15-2412DAW-P/2320041
RCD20-24D12W,P-DUKE Technology,9807.0,10,12V,-12V,9.0,36.0,0.833,833mA、833mA,20 W,2.25 kV,0.89,調節可能出力、リモートオン/オフ,-,https://www.pduke.com/Upload/download/datasheet/rcd20w_datasheet.pdf,https://www.digikey.com/ja/products/detail/p-duke-technology/RCD20-24D12W/15295565
RCD20-24D15W,P-DUKE Technology,9807.0,10,15V,-15V,9.0,36.0,0.667,667mA、667mA,20 W,2.25 kV,90%,調節可能出力、リモートオン/オフ,-,https://www.pduke.com/Upload/download/datasheet/rcd20w_datasheet.pdf,https://www.digikey.com/ja/products/detail/p-duke-technology/RCD20-24D15W/15295637
JTK1524D12,XP Power,9833.0,30,12V,-12V,9.0,36.0,0.625,625mA,15 W,1.6 kV,0.88,リモートオン/オフ、OCP、OVP、SCP,,https://www.xppower.com/portals/0/pdfs/SF_JTK15-20.pdf,https://www.digikey.com/ja/products/detail/xp-power/JTK1524D12/4476981
TEN 20-2423WIN,Traco Power,9867.0,197,15V,-15V,9.0,36.0,0.665,665mA、665mA,20 W,1.5 kV,87%,リモートオン/オフ、OCP、OVP、SCP,-,https://www.tracopower.com/products/ten20win.pdf,https://www.digikey.com/ja/products/detail/traco-power/TEN-20-2423WIN/9383166
TEN 20-2422WIN,Traco Power,9867.0,152,12V,-12V,9.0,36.0,0.835,835mA、835mA,20 W,1.5 kV,87%,リモートオン/オフ、OCP、OVP、SCP,-,https://www.tracopower.com/products/ten20win.pdf,https://www.digikey.com/ja/products/detail/traco-power/TEN-20-2422WIN/9383163
THR 20-2422WI,Traco Power,9960.0,18,12V,-12V,9.0,36.0,0.833,833mA、833mA,20 W,3 kV,86%,調節可能出力、リモートオン/オフ,-,https://www.tracopower.com/sites/default/files/products/datasheets/thr20wi_datasheet.pdf,https://www.digikey.com/ja/products/detail/traco-power/THR-20-2422WI/14681498
THR 20-2423WI,Traco Power,9960.0,2,15V,-15V,9.0,36.0,0.667,667mA、667mA,20 W,3 kV,86%,調節可能出力、リモートオン/オフ,-,https://www.tracopower.com/sites/default/files/products/datasheets/thr20wi_datasheet.pdf,https://www.digikey.com/ja/products/detail/traco-power/THR-20-2423WI/14681463
EC1SC05,Cincon Electronics Co. LTD,9965.0,4,15V,-15V,9.0,36.0,0.666,666mA、666mA,20 W,1.5 kV,83%,リモートオン/オフ、OCP、SCP,-,https://www.cincon.com/productdownload/Datasheet-EC1SC-series.pdf,https://www.digikey.com/ja/products/detail/cincon-electronics-co-ltd/EC1SC05/9683823
THD 15-2423WIN,Traco Power,10122.0,12,15V,-15V,9.0,36.0,0.5,500mA、500mA,15 W,1.5 kV,90%,リモートオン/オフ、OVP、SCP,-,https://www.tracopower.com/products/thd15win.pdf,https://www.digikey.com/ja/products/detail/traco-power/THD-15-2423WIN/9344647
JTF1524D12,XP Power,10162.5,11,12V,-12V,9.0,36.0,0.625,625mA、625mA,15 W,1.6 kV,0.89,リモートオン/オフ、OCP、OVP、SCP,,https://www.xppower.com/portals/0/pdfs/SF_JTF12.pdf,https://www.digikey.com/ja/products/detail/xp-power/JTF1524D12/4488483
RPA20-2412DAW/P,Recom Power,10175.0,417,12V,-12V,9.0,36.0,0.83,830mA、830mA,20 W,1.6 kV,0.88,リモートオン/オフ、OCP、OTP、OVP、SCP、UVLO,-,https://recom-power.com/pdf/Powerline_DC-DC/RPA20-AW.pdf,https://www.digikey.com/ja/products/detail/recom-power/RPA20-2412DAW-P/6206475
RPA20-2412DAW,Recom Power,10175.0,60,12V,-12V,9.0,36.0,0.83,830mA、830mA,20 W,1.6 kV,0.88,リモートオン/オフ、OCP、OTP、OVP、SCP、UVLO,6-DIPモジュール,https://recom-power.com/pdf/Powerline_DC-DC/RPA20-AW.pdf,https://www.digikey.com/ja/products/detail/recom-power/RPA20-2412DAW/6206334
RPA20-2415DAW/P,Recom Power,10175.0,20,15V,-15V,9.0,36.0,0.67,670mA、670mA,20 W,1.6 kV,0.88,リモートオン/オフ、OCP、OTP、OVP、SCP、UVLO,-,https://recom-power.com/pdf/Powerline_DC-DC/RPA20-AW.pdf,https://www.digikey.com/ja/products/detail/recom-power/RPA20-2415DAW-P/6206476
REC10-2412DRWZ/H3/A/M,Recom Power,10211.0,34,12V,-12V,9.0,36.0,0.416,416mA、416mA,10 W,3 kV,85%,リモートオン/オフ、OCP、SCP,,https://recom-power.com/pdf/Econoline/REC10-RW.pdf,https://www.digikey.com/ja/products/detail/recom-power/REC10-2412DRWZ-H3-A-M/2397166
PRC10W-72-D15,Bel Power Solutions,10291.0,10,15V,-15V,8.5,160.0,0.333,333mA、333mA,10 W,4.2 kV,87%,リモートオン/オフ,-,https://belfuse.com/media/datasheets/products/power-supplies/PRC10W.pdf,https://www.digikey.com/ja/products/detail/bel-power-solutions/PRC10W-72-D15/17507689
THD 15-2422WIN,Traco Power,10323.0,10,12V,-12V,9.0,36.0,0.625,625mA、625mA,15 W,1.5 kV,0.89,リモートオン/オフ、OVP、SCP,-,https://www.tracopower.com/products/thd15win.pdf,https://www.digikey.com/ja/products/detail/traco-power/THD-15-2422WIN/9344646
TRI 10-1222,Traco Power,10368.0,7,12V,-12V,9.0,18.0,0.416,416mA、416mA,10 W,5 kV,0.88,-,-,https://www.tracopower.com/products/tri10.pdf,https://www.digikey.com/ja/products/detail/traco-power/TRI-10-1222/9698409
TRI 10-1223,Traco Power,10368.0,4,15V,-15V,9.0,18.0,0.333,333mA、333mA,10 W,5 kV,87%,-,-,https://www.tracopower.com/products/tri10.pdf,https://www.digikey.com/ja/products/detail/traco-power/TRI-10-1223/9698410
TEN 15-2422WI,Traco Power,10368.0,4,12V,-12V,9.0,36.0,0.625,625mA、625mA,15 W,1.5 kV,85%,リモートオン/オフ、SCP,-,https://www.tracopower.com/products/ten15wi.pdf,https://www.digikey.com/ja/products/detail/traco-power/TEN-15-2422WI/9647279
THN 20-2423WI,Traco Power,10386.0,389,15V,-15V,9.0,36.0,0.667,667mA、667mA,20 W,1.5 kV,0.89,リモートオン/オフ、OVP、SCP,-,https://www.tracopower.com/products/thn20wi.pdf,https://www.digikey.com/ja/products/detail/traco-power/THN-20-2423WI/9382739
JCM1512D12,XP Power,10403.0,90,12V,-12V,9.0,18.0,0.625,625mA、625mA,15 W,1.6 kV,0.89,リモートオン/オフ、OCP、OVP、SCP,,https://www.xppower.com/portals/0/pdfs/SF_JCM15-20.pdf,https://www.digikey.com/ja/products/detail/xp-power/JCM1512D12/4488406
TEN 12-2422,Traco Power,10489.0,161,12V,-12V,9.0,36.0,0.5,500mA、500mA,12 W,1.5 kV,84%,リモートオン/オフ、OCP、OVP、SCP,-,https://www.tracopower.com/sites/default/files/products/datasheets/ten12wi_datasheet.pdf,https://www.digikey.com/ja/products/detail/traco-power/TEN-12-2422/9647246
TEN 12-2423,Traco Power,10489.0,56,15V,-15V,9.0,36.0,0.4,400mA、400mA,12 W,1.5 kV,84%,リモートオン/オフ、OCP、OVP、SCP,-,https://www.tracopower.com/sites/default/files/products/datasheets/ten12wi_datasheet.pdf,https://www.digikey.com/ja/products/detail/traco-power/TEN-12-2423/9647247
THN 20-2423WIR,Traco Power,10507.0,43,15V,-15V,9.0,36.0,0.667,667mA、667mA,20 W,2.25 kV,90%,調節可能出力、リモートオン/オフ,-,https://www.tracopower.com/thn20wir-datasheet,https://www.digikey.com/ja/products/detail/traco-power/THN-20-2423WIR/13575290
AEE01BB12-M,ARTESYN / Advanced Energy,10532.0,9,12V,-12V,9.0,18.0,0.625,625mA、625mA,15 W,4.2 kV,0.88,OCP、OVP、SCP,-,https://www.artesyn.com/assets/aee15w-m_ds_1497461005.pdf?4da0004d8191d9cc55cd529ce7cf190e261e37c2=&a=50a3f70c21e79c06f59b8e365e6821d914cd7416,https://www.digikey.com/ja/products/detail/artesyn-advanced-energy/AEE01BB12-M/7914654
THL 20-2423WI,Traco Power,10860.0,240,15V,-15V,9.0,36.0,0.67,670mA、670mA,20 W,1.5 kV,0.89,リモートオン/オフ、SCP,-,https://www.tracopower.com/products/thl20wi.pdf,https://www.digikey.com/ja/products/detail/traco-power/THL-20-2423WI/9344702
THL 20-2422WI,Traco Power,10864.0,5,12V,-12V,9.0,36.0,0.835,835mA、835mA,20 W,1.5 kV,0.89,リモートオン/オフ、SCP,-,https://www.tracopower.com/products/thl20wi.pdf,https://www.digikey.com/ja/products/detail/traco-power/THL-20-2422WI/9344701
MPM15-24D15W,P-DUKE Technology,10905.0,10,15V,-15V,9.0,36.0,0.5,500mA、500mA,15 W,5 kV,0.89,調節可能出力,-,https://www.pduke.com/Upload/download/datasheet/mpm15_w__datasheet.pdf,https://www.digikey.com/ja/products/detail/p-duke-technology/MPM15-24D15W/12821786
JMR1012D12,XP Power,10972.0,31,12V,-12V,4.5,18.0,0.416,416mA、416mA,10 W,5 kV,86.5%,調節可能出力、リモートオン/オフ,-,https://www.xppower.com/portals/0/pdfs/SF_JMR10.pdf,https://www.digikey.com/ja/products/detail/xp-power/JMR1012D12/24385540
JMR1012D15,XP Power,10972.0,38,15V,-15V,4.5,18.0,0.333,333mA、333mA,10 W,5 kV,87%,調節可能出力、リモートオン/オフ,-,https://www.xppower.com/portals/0/pdfs/SF_JMR10.pdf,https://www.digikey.com/ja/products/detail/xp-power/JMR1012D15/24385563
JMR1024D15,XP Power,10972.0,35,15V,-15V,9.0,36.0,0.333,333mA、333mA,10 W,5 kV,0.89,調節可能出力、リモートオン/オフ,-,https://www.xppower.com/portals/0/pdfs/SF_JMR10.pdf,https://www.digikey.com/ja/products/detail/xp-power/JMR1024D15/24385549
JMR1024D12,XP Power,10972.0,2,12V,-12V,9.0,36.0,0.416,416mA、416mA,10 W,5 kV,0.88,調節可能出力、リモートオン/オフ,-,https://www.xppower.com/portals/0/pdfs/SF_JMR10.pdf,https://www.digikey.com/ja/products/detail/xp-power/JMR1024D12/24385547
AXA00BB18-L,ARTESYN / Advanced Energy,10973.0,10,12V,-12V,9.0,36.0,0.835,835mA、835mA,20 W,1.5 kV,0.89,リモートオン/オフ、OCP、OTP,,https://www.artesyn.com/assets/axa20w_183fdc184d.pdf?d730648f18e77c3eab19ad85b6d06f9ffe400f54=&a=b55c17d6dbd2f46268a1551d5c4a360aece5529c,https://www.digikey.com/ja/products/detail/artesyn-advanced-energy/AXA00BB18-L/4965235
AXA00CC18-L,ARTESYN / Advanced Energy,10973.0,3,15V,-15V,9.0,36.0,0.67,670mA、670mA,20 W,1.5 kV,0.89,リモートオン/オフ、OCP、SCP,,https://www.artesyn.com/assets/axa20w_183fdc184d.pdf?d730648f18e77c3eab19ad85b6d06f9ffe400f54=&a=b55c17d6dbd2f46268a1551d5c4a360aece5529c,https://www.digikey.com/ja/products/detail/artesyn-advanced-energy/AXA00CC18-L/4964008
MPP10-24D12WB,P-DUKE Technology,11071.0,4,12V,-12V,9.0,36.0,0.416,416mA、416mA,10 W,5 kV,0.89,調節可能出力,-,https://www.pduke.com/Upload/download/datasheet/mpp10_w__datasheet.pdf,https://www.digikey.com/ja/products/detail/p-duke-technology/MPP10-24D12WB/12821832
RP10-2412DEW,Recom Power,11105.0,1,12V,-12V,9.0,36.0,0.416,416mA、416mA,10 W,1.6 kV,80%,OCP、OVP、SCP,,https://recom-power.com/pdf/Powerline_DC-DC/RP10-EW.pdf,https://www.digikey.com/ja/products/detail/recom-power/RP10-2412DEW/2256427
THM 10-2422WI,Traco Power,11208.0,95,12V,-12V,9.0,36.0,0.416,416mA、416mA,10 W,5 kV,0.89,OCP、OVP、SCP,-,https://www.tracopower.com/sites/default/files/products/datasheets/thm10wi_datasheet.pdf,https://www.digikey.com/ja/products/detail/traco-power/THM-10-2422WI/9344780
THM 10-2423WI,Traco Power,11210.0,39,15V,-15V,9.0,36.0,0.333,333mA、333mA,10 W,5 kV,0.88,OCP、OVP、SCP,-,https://www.tracopower.com/sites/default/files/products/datasheets/thm10wi_datasheet.pdf,https://www.digikey.com/ja/products/detail/traco-power/THM-10-2423WI/9344782
TEN 15-2423WI,Traco Power,11210.0,47,15V,-15V,9.0,36.0,0.5,500mA、500mA,15 W,1.5 kV,86%,リモートオン/オフ、SCP,-,https://www.tracopower.com/products/ten15wi.pdf,https://www.digikey.com/ja/products/detail/traco-power/TEN-15-2423WI/9647280
PXB15-12D12/N,TDK-Lambda,11249.0,268,12V,-12V,9.0,18.0,0.625,625mA、625mA,15 W,1.6 kV,87%,リモートオン/オフ、OCP、OVP、SCP,,https://product.tdk.com/system/files/dam/doc/product/power/switching-power/dc-dc-converter/catalog/pxb_e.pdf,https://www.digikey.com/ja/products/detail/tdk-lambda/PXB15-12D12-N/3984767
PXB15-12D15/N,TDK-Lambda,11249.0,3,15V,-15V,9.0,18.0,0.9,900mA、900mA,15 W,1.6 kV,0.88,リモートオン/オフ、OCP、OVP、SCP,,https://product.tdk.com/system/files/dam/doc/product/power/switching-power/dc-dc-converter/catalog/pxb_e.pdf,https://www.digikey.com/ja/products/detail/tdk-lambda/PXB15-12D15-N/2136186
RDDW20UW-15,MEAN WELL USA Inc.,11308.0,4,15V,-15V,8.5,160.0,0.667,667mA、667mA,20 W,3 kV,0.89,リモートオン/オフ,-,"https://www.meanwellusa.com/upload/pdf/RSDW20UW/RSDW20UW,RDDW20UW-spec.pdf",https://www.digikey.com/ja/products/detail/mean-well-usa-inc/RDDW20UW-15/13245672
RDDW20UW-12,MEAN WELL USA Inc.,11308.0,1,12V,-12V,8.5,160.0,0.833,833mA、833mA,20 W,3 kV,0.88,リモートオン/オフ,-,"https://www.meanwellusa.com/upload/pdf/RSDW20UW/RSDW20UW,RDDW20UW-spec.pdf",https://www.digikey.com/ja/products/detail/mean-well-usa-inc/RDDW20UW-12/13245669
TEN 20-1223,Traco Power,11338.0,8,15V,-15V,9.0,18.0,0.67,670mA、670mA,20 W,1.5 kV,0.88,SCP,-,https://www.tracopower.com/products/ten20.pdf,https://www.digikey.com/ja/products/detail/traco-power/TEN-20-1223/9382574
PXD10-24WD12,TDK-Lambda,11625.0,29,12V,-12V,9.0,36.0,0.416,416mA、416mA,10 W,1.6 kV,80%,OCP、OVP、SCP,,https://product.tdk.com/system/files/dam/doc/product/power/switching-power/dc-dc-converter/catalog/pxd_e.pdf,https://www.digikey.com/ja/products/detail/tdk-lambda/PXD10-24WD12/1631664
PXD10-24WD15,TDK-Lambda,11625.0,21,15V,-15V,9.0,36.0,0.333,333mA、333mA,10 W,1.6 kV,80%,OCP、OVP、SCP,,https://product.tdk.com/system/files/dam/doc/product/power/switching-power/dc-dc-converter/catalog/pxd_e.pdf,https://www.digikey.com/ja/products/detail/tdk-lambda/PXD10-24WD15/1631665
TRI 15-1223,Traco Power,11739.0,6,15V,-15V,9.0,18.0,0.5,500mA、500mA,15 W,8 kV,0.89,-,-,https://www.tracopower.com/products/tri15.pdf,https://www.digikey.com/ja/products/detail/traco-power/TRI-15-1223/9698430
TRI 15-1222,Traco Power,11739.0,2,12V,-12V,9.0,18.0,0.625,625mA、625mA,15 W,8 kV,0.88,-,-,https://www.tracopower.com/products/tri15.pdf,https://www.digikey.com/ja/products/detail/traco-power/TRI-15-1222/9698429
JCG1512D12,XP Power,11965.0,8,12V,-12V,9.0,18.0,0.625,625mA、625mA,15 W,1.6 kV,90%,リモートオン/オフ、OCP、OVP、SCP、UVLO,,https://www.xppower.com/portals/0/pdfs/SF_JCG.pdf,https://www.digikey.com/ja/products/detail/xp-power/JCG1512D12/4476764
THM 15-2423WI,Traco Power,11978.0,19,15V,-15V,9.0,36.0,0.5,500mA、500mA,15 W,5 kV,0.88,OCP、OTP、OVP、SCP,-,https://www.tracopower.com/products/thm15wi.pdf,https://www.digikey.com/ja/products/detail/traco-power/THM-15-2423WI/9344804
THM 15-2422WI,Traco Power,11978.0,10,12V,-12V,9.0,36.0,0.625,625mA、625mA,15 W,5 kV,0.88,OCP、OTP、OVP、SCP,-,https://www.tracopower.com/products/thm15wi.pdf,https://www.digikey.com/ja/products/detail/traco-power/THM-15-2422WI/9344803
JMR2024D12,XP Power,12061.0,19,12V,-12V,9.0,36.0,0.833,833mA、833mA,20 W,5 kV,88.5%,調節可能出力、リモートオン/オフ,-,https://www.xppower.com/portals/0/pdfs/SF_JMR20.pdf,https://www.digikey.com/ja/products/detail/xp-power/JMR2024D12/24385568
JMR2024D15,XP Power,12061.0,16,15V,-15V,9.0,36.0,0.667,667mA、667mA,20 W,5 kV,0.89,調節可能出力、リモートオン/オフ,-,https://www.xppower.com/portals/0/pdfs/SF_JMR20.pdf,https://www.digikey.com/ja/products/detail/xp-power/JMR2024D15/24385543
RP10-2412DEW/M2,Recom Power,12080.0,90,12V,-12V,9.0,36.0,0.416,416mA、416mA,10 W,1.6 kV,80%,OCP、OVP、SCP,,https://recom-power.com/pdf/Powerline_DC-DC/RP10-EW.pdf,https://www.digikey.com/ja/products/detail/recom-power/RP10-2412DEW-M2/2315332
RP10-2415DEW/M2,Recom Power,12080.0,25,15V,-15V,9.0,36.0,0.333,333mA、333mA,10 W,1.6 kV,80%,OCP、OVP、SCP,,https://recom-power.com/pdf/Powerline_DC-DC/RP10-EW.pdf,https://www.digikey.com/ja/products/detail/recom-power/RP10-2415DEW-M2/2315378
THM 20-1223,Traco Power,12088.0,51,15V,-15V,9.0,18.0,0.667,667mA、667mA,20 W,5 kV,0.89,OCP、OTP、OVP、SCP,-,https://www.tracopower.com/products/thm20.pdf,https://www.digikey.com/ja/products/detail/traco-power/THM-20-1223/9382690
EC7BW18-72D12,Cincon Electronics Co. LTD,12243.0,3,12V,-12V,8.5,160.0,0.833,833mA、833mA,20 W,3 kV,0.89,調節可能出力、リモートオン/オフ,-,https://www.cincon.com/productdownload/Datasheet-EC7BW18-72-series.pdf,https://www.digikey.com/ja/products/detail/cincon-electronics-co-ltd/EC7BW18-72D12/11310702
EC7BW18-72D15,Cincon Electronics Co. LTD,12243.0,2,15V,-15V,8.5,160.0,0.667,667mA、667mA,20 W,3 kV,0.89,調節可能出力、リモートオン/オフ,-,https://www.cincon.com/productdownload/Datasheet-EC7BW18-72-series.pdf,https://www.digikey.com/ja/products/detail/cincon-electronics-co-ltd/EC7BW18-72D15/11310703
PXB15-24WD15/N,TDK-Lambda,12248.0,149,15V,-15V,9.0,36.0,0.5,500mA、500mA,15 W,1.6 kV,0.88,リモートオン/オフ、OCP、OVP、SCP,,https://product.tdk.com/system/files/dam/doc/product/power/switching-power/dc-dc-converter/catalog/pxb_e.pdf,https://www.digikey.com/ja/products/detail/tdk-lambda/PXB15-24WD15-N/2117650
PXB15-24WD12/N,TDK-Lambda,12248.0,2,12V,-12V,9.0,36.0,0.625,625mA、625mA,15 W,1.6 kV,87%,リモートオン/オフ、OCP、OVP、SCP,,https://product.tdk.com/system/files/dam/doc/product/power/switching-power/dc-dc-converter/catalog/pxb_e.pdf,https://www.digikey.com/ja/products/detail/tdk-lambda/PXB15-24WD12-N/2117649
RP15-2415DAW,Recom Power,12371.0,150,15V,-15V,9.0,36.0,0.5,500mA、500mA,15 W,1.6 kV,0.88,OCP、OVP、SCP,,https://recom-power.com/pdf/Powerline_DC-DC/RP15-AW.pdf,https://www.digikey.com/ja/products/detail/recom-power/RP15-2415DAW/2256442
RP15-2412DAW,Recom Power,12371.0,5,12V,-12V,9.0,36.0,0.625,625mA、625mA,15 W,1.6 kV,87%,OCP、OVP、SCP,,https://recom-power.com/pdf/Powerline_DC-DC/RP15-AW.pdf,https://www.digikey.com/ja/products/detail/recom-power/RP15-2412DAW/2256440
REC15-2415DZ/H2/M,Recom Power,12474.0,7,15V,-15V,9.0,36.0,0.5,500mA、500mA,15 W,2 kV,86%,リモートオン/オフ、OCP、SCP、UVLO,,https://recom-power.com/pdf/Econoline/REC15_M.pdf,https://www.digikey.com/ja/products/detail/recom-power/REC15-2415DZ-H2-M/3906137
THN 15-3623UIR,Traco Power,12652.0,30,15V,-15V,9.0,75.0,0.5,500mA、500mA,15 W,3 kV,0.88,調節可能出力、リモートオン/オフ,-,https://www.tracopower.com/thn15uir-datasheet,https://www.digikey.com/ja/products/detail/traco-power/THN-15-3623UIR/21700986
THN 15-3622UIR,Traco Power,12652.0,12,12V,-12V,9.0,75.0,0.625,625mA、625mA,15 W,3 kV,87%,調節可能出力、リモートオン/オフ,-,https://www.tracopower.com/thn15uir-datasheet,https://www.digikey.com/ja/products/detail/traco-power/THN-15-3622UIR/21701000
RP15-2412DFW,Recom Power,12670.0,27,12V,-12V,9.0,36.0,0.625,625mA、625mA,15 W,1.6 kV,85%,OCP、OVP、SCP,,https://recom-power.com/pdf/Powerline_DC-DC/RP15-FW.pdf,https://www.digikey.com/ja/products/detail/recom-power/RP15-2412DFW/2320050
RP15-2415DFW,Recom Power,12670.0,27,15V,-15V,9.0,36.0,0.5,500mA、500mA,15 W,1.6 kV,86%,OCP、OVP、SCP,,https://recom-power.com/pdf/Powerline_DC-DC/RP15-FW.pdf,https://www.digikey.com/ja/products/detail/recom-power/RP15-2415DFW/2320108
RP20-1215DF,Recom Power,12670.0,17,15V,-15V,9.0,18.0,0.667,667mA、667mA,20 W,1.6 kV,86%,OCP、OVP、SCP、UVLO,,https://recom-power.com/pdf/Powerline_DC-DC/RP20-F.pdf,https://www.digikey.com/ja/products/detail/recom-power/RP20-1215DF/2320417
AEE02BB12-M,ARTESYN / Advanced Energy,12872.0,10,12V,-12V,9.0,18.0,0.84,840mA、840mA,20 W,4.2 kV,0.89,OCP、OVP、SCP,-,https://www.artesyn.com/assets/aee20w-m_ds_1497461077.pdf?4da0004d8191d9cc55cd529ce7cf190e261e37c2=&a=50a3f70c21e79c06f59b8e365e6821d914cd7416,https://www.digikey.com/ja/products/detail/artesyn-advanced-energy/AEE02BB12-M/7914728
AEE02CC12-M,ARTESYN / Advanced Energy,12872.0,10,15V,-15V,9.0,18.0,0.67,670mA、670mA,20 W,4.2 kV,0.89,OCP、OVP、SCP,-,https://www.artesyn.com/assets/aee20w-m_ds_1497461077.pdf?4da0004d8191d9cc55cd529ce7cf190e261e37c2=&a=50a3f70c21e79c06f59b8e365e6821d914cd7416,https://www.digikey.com/ja/products/detail/artesyn-advanced-energy/AEE02CC12-M/7914734
REC10-1212DRW/H2/A/M,Recom Power,13348.5,5,12V,-12V,9.0,18.0,0.416,416mA、416mA,10 W,2 kV,86%,リモートオン/オフ、OCP、SCP,,https://recom-power.com/pdf/Econoline/REC10-RW.pdf,https://www.digikey.com/ja/products/detail/recom-power/REC10-1212DRW-H2-A-M/2425578
TRI 20-1223,Traco Power,13399.0,10,15V,-15V,9.0,18.0,0.67,670mA、670mA,20 W,8 kV,0.89,-,-,https://www.tracopower.com/products/tri20.pdf,https://www.digikey.com/ja/products/detail/traco-power/TRI-20-1223/9698448
PXD20-12D15,TDK-Lambda,13494.0,55,15V,-15V,9.0,18.0,0.667,667mA、667mA,20 W,1.6 kV,86%,リモートオン/オフ、OCP、OVP、SCP,,https://product.tdk.com/system/files/dam/doc/product/power/switching-power/dc-dc-converter/catalog/pxd_e.pdf,https://www.digikey.com/ja/products/detail/tdk-lambda/PXD20-12D15/1631677
PXD20-12D12,TDK-Lambda,13494.0,21,12V,-12V,9.0,18.0,0.833,833mA、833mA,20 W,1.6 kV,86%,リモートオン/オフ、OCP、OVP、SCP,,https://product.tdk.com/system/files/dam/doc/product/power/switching-power/dc-dc-converter/catalog/pxd_e.pdf,https://www.digikey.com/ja/products/detail/tdk-lambda/PXD20-12D12/1631676
THN 20-3623UIR,Traco Power,13504.0,10,15V,-15V,9.0,75.0,0.667,667mA、667mA,20 W,3 kV,0.88,調整可能出力、ヒートシンク、リモートオン/オフ,-,https://www.tracopower.com/thn20uir-datasheet,https://www.digikey.com/ja/products/detail/traco-power/THN-20-3623UIR/21700984
THN 20-3622UIR,Traco Power,13504.0,10,12V,-12V,9.0,75.0,0.833,833mA、833mA,20 W,3 kV,0.88,調整可能出力、ヒートシンク、リモートオン/オフ,-,https://www.tracopower.com/thn20uir-datasheet,https://www.digikey.com/ja/products/detail/traco-power/THN-20-3622UIR/21700998
TEN 20-2422WIR,Traco Power,13570.0,18,12V,-12V,9.0,36.0,0.833,833mA、833mA,20 W,2.25 kV,0.88,リモートオン/オフ、OCP、OVP、SCP,-,https://www.tracopower.com/products/ten20wir.pdf,https://www.digikey.com/ja/products/detail/traco-power/TEN-20-2422WIR/9383164
RED20-24D12W,P-DUKE Technology,13653.0,5,12V,-12V,9.0,36.0,0.833,833mA、833mA,20 W,2.25 kV,0.88,調整可能な出力、リモートOn/Off、スタンバイ出力,-,https://www.pduke.com/Upload/download/datasheet/red20w_datasheet.pdf,https://www.digikey.com/ja/products/detail/p-duke-technology/RED20-24D12W/13683750
RED20-24D15W,P-DUKE Technology,13653.0,3,15V,-15V,9.0,36.0,0.667,667mA、667mA,20 W,2.25 kV,0.89,調整可能な出力、リモートOn/Off、スタンバイ出力,-,https://www.pduke.com/Upload/download/datasheet/red20w_datasheet.pdf,https://www.digikey.com/ja/products/detail/p-duke-technology/RED20-24D15W/13683715
THM 20-2423WI,Traco Power,13848.0,297,15V,-15V,9.0,36.0,0.667,667mA、667mA,20 W,5 kV,0.88,OCP、OTP、OVP、SCP,-,https://www.tracopower.com/products/thm20wi.pdf,https://www.digikey.com/ja/products/detail/traco-power/THM-20-2423WI/9344818
RP20-2415DFW,Recom Power,13898.0,7,15V,-15V,9.0,36.0,0.667,667mA、667mA,20 W,1.6 kV,86%,OCP、OVP、SCP、UVLO,,https://recom-power.com/pdf/Powerline_DC-DC/RP20-FW.pdf,https://www.digikey.com/ja/products/detail/recom-power/RP20-2415DFW/2320465
PYD20-72WD15,TDK-Lambda,14169.0,29,15V,-15V,8.5,160.0,0.667,667mA、667mA,20 W,4.2 kV,0.88,調節可能出力、リモートオン/オフ,-,https://product.tdk.com/system/files/dam/doc/product/power/switching-power/dc-dc-converter/catalog/pyd20_e.pdf,https://www.digikey.com/ja/products/detail/tdk-lambda/PYD20-72WD15/18794941
PYD20-72WD12,TDK-Lambda,14169.0,14,12V,-12V,8.5,160.0,0.833,833mA、833mA,20 W,4.2 kV,0.88,調節可能出力、リモートオン/オフ,-,https://product.tdk.com/system/files/dam/doc/product/power/switching-power/dc-dc-converter/catalog/pyd20_e.pdf,https://www.digikey.com/ja/products/detail/tdk-lambda/PYD20-72WD12/18794939
PRFE20W-O72-D12-D,Bel Power Solutions,14447.0,10,12V,-12V,8.5,160.0,0.83,830mA、830mA,20 W,4.2 kV,0.89,調節可能出力、リモートオン/オフ,-,https://belfuse.com/media/datasheets/products/power-supplies/PRFE20W-D.pdf,https://www.digikey.com/ja/products/detail/bel-power-solutions/PRFE20W-O72-D12-D/16570613
PRFE20W-O72-D15-D,Bel Power Solutions,14447.0,2,15V,-15V,8.5,160.0,0.66,660mA、660mA,20 W,4.2 kV,0.89,調節可能出力、リモートオン/オフ,-,https://belfuse.com/media/datasheets/products/power-supplies/PRFE20W-D.pdf,https://www.digikey.com/ja/products/detail/bel-power-solutions/PRFE20W-O72-D15-D/16570634
PRFE20W-O72-D15N-D,Bel Power Solutions,14447.0,19,15V,-15V,8.5,160.0,0.66,660mA、660mA,20 W,4.2 kV,0.89,調節可能出力、リモートオン/オフ,-,https://belfuse.com/media/datasheets/products/power-supplies/PRFE20W-D.pdf,https://www.digikey.com/ja/products/detail/bel-power-solutions/PRFE20W-O72-D15N-D/16570594
PRFE20W-O72-D12N-D,Bel Power Solutions,14447.0,11,12V,-12V,8.5,160.0,0.83,830mA、830mA,20 W,4.2 kV,0.89,調節可能出力、リモートオン/オフ,-,https://belfuse.com/media/datasheets/products/power-supplies/PRFE20W-D.pdf,https://www.digikey.com/ja/products/detail/bel-power-solutions/PRFE20W-O72-D12N-D/16570620
PXE20-24WD15,TDK-Lambda,15119.0,197,15V,-15V,9.0,36.0,0.666,666mA、666mA,20 W,1.6 kV,82%,リモートオン/オフ,,https://product.tdk.com/system/files/dam/doc/product/power/switching-power/dc-dc-converter/catalog/pxe_e.pdf,https://www.digikey.com/ja/products/detail/tdk-lambda/PXE20-24WD15/1631693
PXE20-24WD12,TDK-Lambda,15119.0,2,12V,-12V,9.0,36.0,0.833,833mA、833mA,20 W,1.6 kV,81%,リモートオン/オフ,,https://product.tdk.com/system/files/dam/doc/product/power/switching-power/dc-dc-converter/catalog/pxe_e.pdf,https://www.digikey.com/ja/products/detail/tdk-lambda/PXE20-24WD12/1631692
REM15-2415DW,Recom Power,15126.0,10,15V,-15V,9.0,36.0,0.5,500mA、500mA,15 W,5 kV,0.88,OCP、OTP、OVP、SCP、UVLO,-,https://recom-power.com/pdf/Medline_DC-DC/REM15-W.pdf,https://www.digikey.com/ja/products/detail/recom-power/REM15-2415DW/9598177
PXG-M15-24WD15,TDK-Lambda,15394.0,10,15V,-15V,9.0,36.0,0.5,500mA、500mA,15 W,5 kV,0.89,調節可能出力,-,https://product.tdk.com/system/files/dam/doc/product/power/switching-power/dc-dc-converter/catalog/pxg-m_e.pdf,https://www.digikey.com/ja/products/detail/tdk-lambda/PXG-M15-24WD15/13182503
PXG-M15-24WD12,TDK-Lambda,15394.0,7,12V,-12V,9.0,36.0,0.625,625mA、625mA,15 W,5 kV,0.88,調節可能出力,-,https://product.tdk.com/system/files/dam/doc/product/power/switching-power/dc-dc-converter/catalog/pxg-m_e.pdf,https://www.digikey.com/ja/products/detail/tdk-lambda/PXG-M15-24WD12/13182510
RP10-1212DE,Recom Power,15565.0,9,12V,-12V,9.0,18.0,0.416,416mA、416mA,10 W,1.6 kV,83%,OCP、OVP、SCP,,https://recom-power.com/pdf/Powerline_DC-DC/RP10-E.pdf,https://www.digikey.com/ja/products/detail/recom-power/RP10-1212DE/2315214
JHM1512D12,XP Power,15591.0,10,12V,-12V,9.0,18.0,0.625,625mA、625mA,15 W,4 kV,87%,OCP、OVP、SCP、UVLO,,https://www.xppower.com/portals/0/pdfs/SF_JHM15.pdf,https://www.digikey.com/ja/products/detail/xp-power/JHM1512D12/5213877
JHM1512D15,XP Power,15594.0,9,15V,-15V,9.0,18.0,0.5,500mA、500mA,15 W,4 kV,0.88,OCP、OVP、SCP、UVLO,,https://www.xppower.com/portals/0/pdfs/SF_JHM15.pdf,https://www.digikey.com/ja/products/detail/xp-power/JHM1512D15/5213878
TEN 20-2423WI,Traco Power,15979.0,5,15V,-15V,9.0,36.0,0.665,665mA、665mA,20 W,1.5 kV,82%,リモートオン/オフ、OCP、OVP、SCP,-,https://www.tracopower.com/products/ten20wi.pdf,https://www.digikey.com/ja/products/detail/traco-power/TEN-20-2423WI/9647291
MGDBK10DF,Gaia Converter,16438.0,4,15V,-15V,4.5,16.0,0.33,330mA、330mA,10 W,1.5 kV,80%,リモートオン/オフ,-,https://gaia-converter.com/docs/ds/DSK/MGDk10.pdf,https://www.digikey.com/ja/products/detail/gaia-converter/MGDBK10DF/13233482
REM10-2415DW/A,Recom Power,16714.0,32,15V,-15V,9.0,36.0,0.333,333mA、333mA,10 W,5 kV,0.88,リモートオン/オフ、OCP、OVP、SCP、UVLO,,https://recom-power.com/pdf/Medline_DC-DC/REM10.pdf,https://www.digikey.com/ja/products/detail/recom-power/REM10-2415DW-A/5130731
RP20-2412DAW/N,Recom Power,16759.0,4,12V,-12V,9.0,36.0,0.833,833mA、833mA,20 W,1.6 kV,0.89,リモートオン/オフ、OCP、OVP、SCP、UVLO,,https://recom-power.com/pdf/Powerline_DC-DC/RP20-AW.pdf,https://www.digikey.com/ja/products/detail/recom-power/RP20-2412DAW-N/5250069
BWR-15/330-D12A-C,Murata Power Solutions Inc.,16947.0,179,15V,-15V,9.0,18.0,0.33,330mA、330mA,10 W,1 kV,84%,-,,https://pim.murata.com/asset/pim4/isolatedDCDCconverter/BWR7-10WA-SERIES_PDF_ISOLATEDDCDCCONVERTER?lastModifiedDatetime=20250707193634,https://www.digikey.com/ja/products/detail/murata-power-solutions-inc/BWR-15-330-D12A-C/1980181
PXC-M10-24WD15-A,TDK-Lambda,16969.0,108,15V,-15V,9.0,36.0,0.333,333mA、333mA,10 W,5 kV,0.88,OCP、OVP、SCP,,https://product.tdk.com/system/files/dam/doc/product/power/switching-power/dc-dc-converter/catalog/pxc-m3_e.pdf,https://www.digikey.com/ja/products/detail/tdk-lambda/PXC-M10-24WD15-A/5304296
PXC-M10-24WD12-A,TDK-Lambda,16969.0,1,12V,-12V,9.0,36.0,0.416,416mA、416mA,10 W,5 kV,0.89,OCP、OVP、SCP,,https://product.tdk.com/system/files/dam/doc/product/power/switching-power/dc-dc-converter/catalog/pxc-m3_e.pdf,https://www.digikey.com/ja/products/detail/tdk-lambda/PXC-M10-24WD12-A/5304295
PXG-M20-24WD12,TDK-Lambda,17791.0,10,12V,-12V,9.0,36.0,0.833,833mA、833mA,20 W,5 kV,88.5%,調節可能出力,-,https://product.tdk.com/system/files/dam/doc/product/power/switching-power/dc-dc-converter/catalog/pxg-m_e.pdf,https://www.digikey.com/ja/products/detail/tdk-lambda/PXG-M20-24WD12/13182534
RP15-1215DF,Recom Power,17795.0,9,15V,-15V,9.0,18.0,0.5,500mA、500mA,15 W,1.6 kV,84%,OCP、OVP、SCP,,https://recom-power.com/pdf/Powerline_DC-DC/RP15-F.pdf,https://www.digikey.com/ja/products/detail/recom-power/RP15-1215DF/2319936
MGDBK10HF,Gaia Converter,18508.0,9,15V,-15V,9.0,36.0,0.33,330mA、330mA,10 W,1.5 kV,80%,リモートオン/オフ,-,https://gaia-converter.com/docs/ds/DSK/MGDk10.pdf,https://www.digikey.com/ja/products/detail/gaia-converter/MGDBK10HF/13234121
RP10-2412DEW/P/M2,Recom Power,20200.0,9,12V,-12V,9.0,36.0,0.416,416mA、416mA,10 W,1.6 kV,80%,リモートオン/オフ、OCP、OVP、SCP,,https://recom-power.com/pdf/Powerline_DC-DC/RP10-EW.pdf,https://www.digikey.com/ja/products/detail/recom-power/RP10-2412DEW-P-M2/2315339
BWR-15/670-D12A-C,Murata Power Solutions Inc.,20453.0,81,15V,-15V,9.0,36.0,0.67,670mA、670mA,20 W,1 kV,83%,-,,https://pim.murata.com/asset/pim4/isolatedDCDCconverter/BWR15-20WA-SERIES_PDF_ISOLATEDDCDCCONVERTER?lastModifiedDatetime=20250707193350,https://www.digikey.com/ja/products/detail/murata-power-solutions-inc/BWR-15-670-D12A-C/1980190
RP20-2415DFR/P,Recom Power,22785.0,26,15V,-15V,9.0,36.0,0.667,667mA、667mA,20 W,1.6 kV,0.89,リモートオン/オフ、OCP、OVP、SCP、UVLO,,https://recom-power.com/pdf/Powerline_DC-DC/RP20-FR.pdf,https://www.digikey.com/ja/products/detail/recom-power/RP20-2415DFR-P/5881645
RP20-2412DFR/P,Recom Power,22785.0,7,12V,-12V,9.0,36.0,0.833,833mA、833mA,20 W,1.6 kV,0.88,リモートオン/オフ、OCP、OVP、SCP、UVLO,,https://recom-power.com/pdf/Powerline_DC-DC/RP20-FR.pdf,https://www.digikey.com/ja/products/detail/recom-power/RP20-2412DFR-P/5881633
MGDDI-20-R-E,Gaia Converter,22960.0,4,12V,12V,12.0,160.0,0.825,825mA、825mA,20 W,2.25 kV,90%,-,-,https://gaia-converter.com/docs/ds/MGDDI20W.pdf,https://www.digikey.com/ja/products/detail/gaia-converter/MGDDI-20-R-E/12081824
MGDDI-20-R-F,Gaia Converter,22960.0,5,15V,15V,12.0,160.0,0.65,650mA、650mA,20 W,2.25 kV,90%,-,-,https://gaia-converter.com/docs/ds/MGDDI20W.pdf,https://www.digikey.com/ja/products/detail/gaia-converter/MGDDI-20-R-F/12081815
REM15-2412DW,Recom Power,23500.0,10,12V,-12V,9.0,36.0,0.625,625mA、625mA,15 W,5 kV,0.88,OCP、OTP、OVP、SCP、UVLO,-,https://recom-power.com/pdf/Medline_DC-DC/REM15-W.pdf,https://www.digikey.com/ja/products/detail/recom-power/REM15-2412DW/9598175
RP20-1215DA,Recom Power,23725.0,8,15V,-15V,9.0,18.0,0.677,677mA、677mA,20 W,1.6 kV,90%,OCP、OVP、SCP、UVLO,,https://recom-power.com/pdf/Powerline_DC-DC/RP20-A.pdf,https://www.digikey.com/ja/products/detail/recom-power/RP20-1215DA/5249982
RPP20-2412DW,Recom Power,26982.0,294,12V,-12V,9.0,36.0,0.833,833mA、833mA,20 W,1.6 kV,89.4%,リモートオン/オフ、OCP、OTP、OVP、SCP、UVLO,,https://recom-power.com/pdf/Powerline_Plus/RPP20-2412DW.pdf,https://www.digikey.com/ja/products/detail/recom-power/RPP20-2412DW/2256466
